,return_date,territory_id,product_key,return_quantity
0,2022-06-03,7,477.0,1.0
1,2022-02-07,10,539.0,1.0
2,2021-11-12,4,480.0,1.0
3,2022-03-25,9,477.0,1.0
4,2022-03-17,9,541.0,1.0
5,2022-04-06,4,214.0,1.0
6,2022-06-11,6,223.0,1.0
7,2021-09-26,6,215.0,1.0
8,2022-02-07,4,487.0,1.0
9,2021-10-12,9,360.0,1.0
10,2021-08-11,4,385.0,1.0
11,2021-11-01,6,528.0,1.0
12,2021-12-21,10,480.0,1.0
13,2021-11-02,7,477.0,1.0
14,2021-11-10,4,530.0,1.0
15,2021-12-16,9,385.0,1.0
16,2022-02-28,9,479.0,1.0
17,2021-12-15,8,528.0,1.0
18,2021-11-04,10,528.0,1.0
19,2022-02-14,7,362.0,1.0
20,2022-05-09,7,362.0,1.0
21,2022-05-08,9,223.0,1.0
22,2021-09-23,4,477.0,1.0
23,2022-04-20,10,482.0,1.0
24,2021-11-07,9,604.0,1.0
25,2022-04-25,7,484.0,1.0
26,2021-12-09,9,479.0,1.0
27,2022-06-25,9,484.0,1.0
28,2022-02-06,1,223.0,1.0
29,2022-03-06,7,536.0,1.0
30,2021-12-22,1,385.0,1.0
31,2022-03-19,9,475.0,1.0
32,2021-07-26,9,528.0,1.0
33,2022-01-01,6,528.0,1.0
34,2022-04-01,6,528.0,1.0
35,2021-10-01,10,358.0,1.0
36,2022-05-30,9,582.0,1.0
37,2021-10-16,4,485.0,1.0
38,2021-12-15,8,538.0,1.0
39,2021-12-20,1,529.0,1.0
40,2022-06-13,8,476.0,1.0
41,2022-06-16,7,535.0,1.0
42,2021-10-09,10,480.0,1.0
43,2022-06-30,9,477.0,1.0
44,2021-09-01,1,220.0,1.0
45,2022-06-28,7,575.0,1.0
46,2021-08-14,8,530.0,1.0
47,2022-04-15,1,490.0,1.0
48,2022-01-28,10,530.0,1.0
49,2022-06-21,10,220.0,1.0
50,2021-12-23,4,215.0,1.0
51,2022-02-04,9,560.0,1.0
52,2022-06-03,7,477.0,1.0
53,2022-06-13,9,215.0,1.0
54,2020-10-23,9,354.0,1.0
55,2021-06-15,4,332.0,1.0
56,2022-03-04,9,528.0,1.0
57,2022-06-25,9,478.0,1.0
58,2022-04-27,9,580.0,1.0
59,2022-06-29,7,479.0,1.0
60,2020-05-30,4,314.0,1.0
61,2021-12-23,4,477.0,1.0
62,2022-03-16,1,471.0,1.0
63,2022-03-02,1,485.0,1.0
64,2022-04-23,4,215.0,1.0
65,2022-06-14,6,229.0,1.0
66,2022-01-29,7,536.0,1.0
67,2022-04-28,4,358.0,1.0
68,2021-12-11,9,476.0,1.0
69,2021-11-20,6,462.0,1.0
70,2021-10-24,7,466.0,1.0
71,2022-02-27,4,529.0,1.0
72,2022-05-12,4,214.0,1.0
73,2022-04-12,4,530.0,1.0
74,2022-02-09,7,377.0,1.0
75,2022-03-18,6,464.0,1.0
76,2022-05-09,9,480.0,1.0
77,2022-06-26,7,529.0,1.0
78,2021-11-02,10,385.0,1.0
79,2021-11-22,4,485.0,1.0
80,2020-05-14,7,313.0,1.0
81,2021-08-06,8,529.0,1.0
82,2021-09-30,4,605.0,1.0
83,2022-02-18,4,220.0,1.0
84,2022-05-31,9,484.0,1.0
85,2022-03-07,4,491.0,1.0
86,,9,215.0,1.0
87,2022-05-05,8,541.0,1.0
88,2021-07-15,7,540.0,1.0
89,2021-08-18,7,478.0,1.0
90,2022-05-23,1,606.0,1.0
91,2021-12-21,10,480.0,1.0
92,2022-05-25,8,215.0,1.0
93,2022-05-14,4,529.0,1.0
94,2021-10-28,7,577.0,1.0
95,2020-04-15,9,312.0,1.0
96,2022-03-05,4,477.0,1.0
97,2021-09-26,1,483.0,1.0
98,2021-11-02,10,385.0,1.0
99,2022-06-03,9,479.0,1.0
100,2022-04-01,4,215.0,1.0
101,2021-09-26,1,593.0,1.0
102,,9,535.0,1.0
103,2022-06-17,1,354.0,1.0
104,2022-02-06,10,600.0,1.0
105,2022-06-05,1,477.0,1.0
106,2021-12-03,6,464.0,1.0
107,2022-02-14,6,535.0,1.0
108,2022-04-18,7,464.0,1.0
109,2021-12-21,6,360.0,1.0
110,2021-12-07,7,220.0,1.0
111,2022-04-13,1,477.0,1.0
112,2022-02-28,4,478.0,1.0
113,2022-06-03,1,538.0,1.0
114,2020-12-25,8,389.0,1.0
115,2022-04-01,4,580.0,1.0
116,2022-01-02,8,528.0,1.0
117,2022-01-02,1,537.0,1.0
118,2022-04-26,4,480.0,1.0
119,2022-05-28,9,482.0,1.0
120,2021-09-03,1,477.0,1.0
121,2021-08-09,9,540.0,1.0
122,2022-04-28,10,215.0,1.0
123,2021-10-06,4,485.0,1.0
124,2022-03-18,4,529.0,1.0
125,2021-12-28,4,214.0,1.0
126,2021-11-21,1,226.0,1.0
127,2022-04-28,4,358.0,1.0
128,2021-01-09,8,373.0,1.0
129,2022-03-16,4,538.0,1.0
130,2021-10-22,9,479.0,1.0
131,2022-05-27,1,214.0,1.0
132,2021-10-16,9,489.0,1.0
133,2022-02-15,9,606.0,1.0
134,2022-03-08,9,605.0,1.0
135,2022-05-24,6,362.0,1.0
136,2022-06-22,1,232.0,1.0
137,2021-12-07,4,466.0,1.0
138,2022-02-19,9,583.0,1.0
139,2022-01-17,4,214.0,1.0
140,2021-08-15,1,536.0,1.0
141,2022-02-05,4,541.0,1.0
142,2021-12-13,9,530.0,1.0
143,,4,477.0,2.0
144,2022-04-17,8,472.0,1.0
145,2022-02-15,9,606.0,1.0
146,2022-01-15,1,232.0,1.0
147,2022-01-18,4,487.0,1.0
148,2022-04-12,6,576.0,1.0
149,2021-08-24,4,486.0,1.0
150,2022-06-13,4,220.0,1.0
151,2021-11-19,6,584.0,1.0
152,2022-03-08,4,538.0,1.0
153,2022-02-20,10,485.0,1.0
154,2020-02-15,1,312.0,1.0
155,2022-03-01,1,480.0,1.0
156,2022-01-16,10,588.0,1.0
157,2022-03-06,6,220.0,1.0
158,2022-03-11,4,485.0,1.0
159,2022-06-15,8,485.0,1.0
160,2022-03-29,10,596.0,1.0
161,2022-01-27,6,485.0,1.0
162,2020-12-10,9,334.0,1.0
163,2021-09-09,4,477.0,1.0
164,2021-11-22,4,485.0,1.0
165,2021-11-17,9,487.0,1.0
166,2021-08-19,4,477.0,2.0
167,2022-06-22,6,476.0,1.0
168,2022-01-29,6,528.0,1.0
169,2021-10-20,1,466.0,1.0
170,2021-12-20,6,478.0,1.0
171,2021-07-15,7,483.0,1.0
172,,4,477.0,1.0
173,2022-02-22,8,485.0,1.0
174,2021-10-24,8,541.0,1.0
175,2021-11-05,1,478.0,1.0
176,2022-01-14,9,371.0,1.0
177,2022-03-21,1,540.0,1.0
178,2022-06-10,1,477.0,1.0
179,2021-09-21,7,529.0,1.0
180,2022-02-04,9,560.0,1.0
181,2021-09-19,1,220.0,1.0
182,2022-01-02,8,528.0,1.0
183,2020-04-20,9,310.0,1.0
184,2021-10-29,10,477.0,1.0
185,2021-08-27,8,477.0,1.0
186,2021-12-09,4,480.0,1.0
187,2022-02-11,1,476.0,1.0
188,2022-02-03,10,480.0,1.0
189,2022-01-21,8,529.0,1.0
190,2021-08-22,4,220.0,1.0
191,2021-04-27,4,373.0,1.0
192,2022-06-30,9,477.0,1.0
193,,6,529.0,1.0
194,2022-04-15,7,489.0,1.0
195,2021-10-25,9,477.0,1.0
196,2021-11-12,8,477.0,1.0
197,2021-07-08,10,480.0,1.0
198,2021-08-08,10,371.0,1.0
199,2021-11-09,10,477.0,1.0
200,2021-11-17,10,385.0,1.0
201,2022-05-16,9,488.0,1.0
202,2021-11-29,10,479.0,1.0
203,2021-07-16,1,223.0,1.0
204,2020-04-07,9,311.0,1.0
205,2022-05-31,6,360.0,1.0
206,2020-05-24,8,322.0,1.0
207,2020-06-07,4,342.0,1.0
208,2021-11-22,4,356.0,1.0
209,2021-08-19,8,223.0,1.0
210,2021-08-31,7,530.0,1.0
211,2022-01-08,10,535.0,1.0
212,2021-09-28,1,477.0,1.0
213,2021-11-17,9,487.0,1.0
214,2022-03-25,9,477.0,1.0
215,2022-04-30,8,581.0,1.0
216,2021-09-15,1,387.0,1.0
217,2021-09-08,9,360.0,1.0
218,2022-01-04,9,484.0,1.0
219,2021-12-20,9,535.0,1.0
220,2022-02-27,6,583.0,1.0
221,2022-05-24,1,462.0,1.0
222,2021-08-15,10,226.0,1.0
223,2021-11-20,4,481.0,1.0
224,2022-06-25,7,477.0,1.0
225,2022-05-08,4,537.0,1.0
226,2022-02-17,6,490.0,1.0
227,2022-01-18,6,481.0,2.0
228,2022-01-07,7,373.0,1.0
229,2021-08-14,8,226.0,1.0
230,2021-08-03,6,540.0,1.0
231,2021-10-28,7,480.0,1.0
232,2021-01-07,9,362.0,1.0
233,2022-03-21,6,538.0,1.0
234,2021-10-08,4,477.0,1.0
235,2021-10-12,6,539.0,1.0
236,2021-08-13,4,487.0,1.0
237,2021-11-26,8,484.0,1.0
238,2022-02-27,1,538.0,1.0
239,2021-09-17,6,464.0,1.0
240,2022-02-04,8,480.0,2.0
241,2022-03-09,9,536.0,1.0
242,2022-01-14,10,229.0,1.0
243,2022-05-02,9,480.0,1.0
244,2021-08-20,8,220.0,1.0
245,2022-02-17,4,605.0,2.0
246,2020-04-16,9,349.0,1.0
247,2022-06-08,1,356.0,1.0
248,2021-12-05,9,477.0,1.0
249,2022-03-18,4,529.0,1.0
250,2022-05-19,1,480.0,1.0
251,2022-04-30,1,480.0,1.0
252,2021-10-19,4,589.0,1.0
253,2020-12-04,4,324.0,1.0
254,2022-06-23,9,539.0,1.0
255,2021-08-09,9,540.0,1.0
256,2022-05-09,4,220.0,1.0
257,2022-01-20,9,485.0,1.0
258,2021-12-07,4,528.0,1.0
259,2021-11-16,1,528.0,1.0
260,2020-11-23,9,326.0,1.0
261,2022-05-10,4,480.0,1.0
262,2021-10-31,7,530.0,1.0
263,2021-02-01,1,354.0,1.0
264,2021-10-08,9,480.0,1.0
265,2022-03-21,6,538.0,1.0
266,2021-09-06,4,477.0,1.0
267,2022-02-12,4,477.0,1.0
268,2021-12-05,9,477.0,1.0
269,2022-04-12,4,530.0,1.0
270,2022-06-12,9,537.0,1.0
271,2021-10-02,10,529.0,1.0
272,2022-06-22,4,529.0,1.0
273,2022-03-07,4,535.0,1.0
274,2022-01-21,8,529.0,1.0
275,2022-04-24,7,352.0,1.0
276,2021-12-13,1,480.0,1.0
277,2021-08-07,10,479.0,1.0
278,2022-02-24,8,588.0,1.0
279,2022-04-04,7,,1.0
280,2022-06-08,1,537.0,1.0
281,2022-02-15,4,223.0,1.0
282,2021-04-01,8,373.0,1.0
283,2022-03-29,7,220.0,1.0
284,2021-10-09,4,223.0,1.0
285,2021-08-29,4,489.0,1.0
286,2021-08-22,4,220.0,1.0
287,2021-08-27,6,477.0,1.0
288,2021-10-28,9,477.0,1.0
289,2021-08-05,4,528.0,1.0
290,2021-10-25,4,540.0,1.0
291,2022-01-12,9,479.0,1.0
292,2022-04-12,4,530.0,1.0
293,2021-10-31,4,215.0,1.0
294,2022-03-31,7,482.0,1.0
295,2021-08-07,9,480.0,1.0
296,2021-10-05,6,480.0,1.0
297,2022-02-14,10,480.0,1.0
298,2020-08-15,8,328.0,1.0
299,2021-09-22,4,535.0,1.0
300,2022-01-05,6,536.0,1.0
301,2021-12-09,4,530.0,1.0
302,2022-02-27,1,538.0,1.0
303,2022-04-27,4,529.0,1.0
304,2021-12-14,4,479.0,1.0
305,2021-10-13,9,223.0,1.0
306,2021-07-29,8,462.0,1.0
307,2021-07-29,10,480.0,1.0
308,2022-06-30,10,223.0,1.0
309,2022-04-25,7,484.0,1.0
310,2021-11-09,1,478.0,1.0
311,2021-08-27,8,477.0,1.0
312,2022-01-07,7,373.0,1.0
313,2022-06-26,1,472.0,1.0
314,2021-02-22,9,362.0,1.0
315,2022-02-14,4,530.0,1.0
316,2021-08-26,9,226.0,1.0
317,2022-04-14,10,215.0,1.0
318,2022-04-26,7,480.0,1.0
319,2021-11-02,10,385.0,1.0
320,2021-09-28,9,223.0,1.0
321,2022-04-27,4,529.0,1.0
322,2021-10-05,1,485.0,1.0
323,2022-01-11,4,529.0,1.0
324,2021-09-16,6,478.0,2.0
325,2022-02-22,4,232.0,1.0
326,2022-05-29,9,214.0,1.0
327,2022-05-25,10,564.0,1.0
328,2022-05-14,9,477.0,1.0
329,2022-05-31,7,568.0,1.0
330,2022-01-15,8,530.0,1.0
331,2022-06-10,1,581.0,1.0
332,2021-08-14,8,530.0,1.0
333,2022-04-04,7,,1.0
334,2021-04-13,8,362.0,1.0
335,2021-10-05,10,466.0,1.0
336,2022-02-02,10,529.0,1.0
337,2022-02-11,1,476.0,1.0
338,2021-10-21,1,223.0,1.0
339,2021-12-15,8,528.0,1.0
340,2020-05-07,9,351.0,1.0
341,2022-05-02,4,477.0,1.0
342,2021-10-14,9,477.0,1.0
343,2022-05-05,8,541.0,1.0
344,2022-06-16,9,479.0,1.0
345,2022-03-20,4,605.0,1.0
346,2022-05-02,4,477.0,1.0
347,2022-06-09,1,478.0,1.0
348,2022-04-30,1,480.0,1.0
349,2021-10-10,4,232.0,1.0
350,2022-02-23,9,539.0,1.0
351,2021-10-26,1,530.0,1.0
352,2021-08-24,9,214.0,1.0
353,2021-11-16,4,538.0,1.0
354,2022-02-04,9,560.0,1.0
355,2021-07-26,9,487.0,1.0
356,2021-11-05,1,478.0,1.0
357,2021-09-26,9,488.0,1.0
358,,9,215.0,1.0
359,2020-10-08,10,354.0,1.0
360,2022-02-14,7,362.0,1.0
361,2022-02-11,1,476.0,1.0
362,2022-02-05,4,477.0,1.0
363,2021-08-24,9,214.0,1.0
364,2020-12-04,4,324.0,1.0
365,2021-08-22,4,220.0,1.0
366,2021-07-06,10,528.0,1.0
367,2021-12-21,10,480.0,1.0
368,2022-05-12,10,360.0,1.0
369,2021-11-16,4,538.0,1.0
370,2021-09-30,10,528.0,1.0
371,2020-05-01,4,312.0,1.0
372,2022-05-04,8,538.0,1.0
373,2022-04-14,4,590.0,1.0
374,2022-06-12,4,478.0,1.0
375,2020-12-04,4,324.0,1.0
376,2021-08-23,4,477.0,1.0
377,2022-01-08,10,535.0,1.0
378,2022-05-24,6,528.0,1.0
379,2022-06-09,7,528.0,1.0
380,2021-11-27,9,462.0,1.0
381,,7,477.0,1.0
382,2022-01-15,10,478.0,1.0
383,2021-07-12,7,389.0,1.0
384,2021-11-10,6,528.0,1.0
385,2022-05-02,4,528.0,1.0
386,2022-06-23,9,563.0,1.0
387,2021-09-26,1,483.0,1.0
388,2022-02-05,9,478.0,1.0
389,2022-03-05,4,354.0,1.0
390,2022-02-06,1,485.0,1.0
391,2022-06-17,9,535.0,1.0
392,2021-11-25,6,484.0,1.0
393,2022-06-15,6,220.0,1.0
394,2022-05-09,6,530.0,1.0
395,2022-04-03,10,535.0,1.0
396,2022-02-06,8,535.0,1.0
397,2021-08-30,1,477.0,1.0
398,2021-03-18,7,370.0,1.0
399,2021-07-08,9,487.0,1.0
400,2021-11-08,1,478.0,1.0
401,,8,477.0,1.0
402,2022-05-29,8,214.0,1.0
403,2021-08-02,9,539.0,1.0
404,2022-05-29,9,462.0,1.0
405,2022-05-19,9,389.0,1.0
406,2022-01-31,6,537.0,1.0
407,2022-03-01,8,582.0,1.0
408,2022-05-15,9,214.0,1.0
409,2020-12-10,9,334.0,1.0
410,2022-02-04,8,480.0,2.0
411,2022-04-21,4,477.0,1.0
412,2021-11-24,1,220.0,1.0
413,2021-08-25,4,565.0,1.0
414,2022-05-15,6,214.0,1.0
415,2022-04-08,4,540.0,1.0
416,2021-08-20,9,530.0,1.0
417,2021-08-08,10,371.0,1.0
418,2022-02-28,6,478.0,1.0
419,2021-07-26,9,528.0,1.0
420,2022-02-06,10,487.0,1.0
421,2022-04-26,9,488.0,1.0
422,2021-10-09,4,223.0,1.0
423,2022-01-05,1,479.0,1.0
424,2022-06-16,10,466.0,1.0
425,2022-01-28,6,536.0,1.0
426,2022-06-07,1,539.0,1.0
427,2021-08-20,9,530.0,1.0
428,2021-12-09,4,223.0,1.0
429,2022-02-01,1,600.0,1.0
430,2021-07-22,1,477.0,1.0
431,2020-07-22,8,379.0,1.0
432,2020-04-20,9,310.0,1.0
433,2022-04-11,9,563.0,1.0
434,,4,477.0,1.0
435,2021-12-01,7,586.0,1.0
436,2022-02-09,7,477.0,1.0
437,2021-08-15,6,478.0,1.0
438,2022-04-18,10,577.0,1.0
439,2021-08-09,9,540.0,1.0
440,2020-02-15,1,312.0,1.0
441,2021-02-20,9,328.0,1.0
442,2022-03-19,4,478.0,1.0
443,2022-04-18,10,577.0,1.0
444,2022-05-28,4,226.0,1.0
445,2022-03-31,4,482.0,1.0
446,2021-07-30,8,604.0,1.0
447,2022-04-23,9,480.0,1.0
448,2022-03-21,1,604.0,1.0
449,2022-04-18,7,464.0,1.0
450,2021-10-20,1,466.0,1.0
451,2021-09-23,10,541.0,1.0
452,2021-11-15,4,478.0,1.0
453,2022-02-26,6,477.0,1.0
454,2022-02-13,9,214.0,1.0
455,2022-02-22,8,485.0,1.0
456,2022-04-06,1,477.0,1.0
457,2022-01-01,10,485.0,1.0
458,2021-09-18,8,373.0,1.0
459,2021-11-10,6,528.0,1.0
460,2021-11-07,1,354.0,1.0
461,2022-03-07,6,476.0,1.0
462,2022-01-18,9,474.0,1.0
463,2022-03-21,1,604.0,1.0
464,2021-11-01,6,529.0,1.0
465,2021-12-26,9,387.0,1.0
466,2022-01-26,6,226.0,1.0
467,2022-06-15,7,475.0,1.0
468,2022-01-22,4,529.0,1.0
469,2022-02-01,9,528.0,1.0
470,2021-11-23,4,215.0,1.0
471,2020-08-28,4,370.0,1.0
472,2022-03-18,7,473.0,1.0
473,2021-12-24,6,477.0,1.0
474,2022-06-14,6,229.0,1.0
475,2021-08-01,4,487.0,1.0
476,2021-10-19,4,589.0,1.0
477,2020-09-10,1,354.0,1.0
478,2022-03-25,6,530.0,1.0
479,2020-10-28,8,373.0,1.0
480,2022-05-14,6,536.0,1.0
481,2021-08-18,1,360.0,1.0
482,2022-02-20,1,214.0,1.0
483,2021-08-30,9,479.0,1.0
484,2021-11-09,7,220.0,1.0
485,2020-01-18,9,312.0,1.0
486,2022-01-28,9,487.0,1.0
487,2022-06-06,10,536.0,1.0
488,2021-10-27,6,220.0,1.0
489,2022-02-05,6,535.0,1.0
490,2022-04-01,6,229.0,1.0
491,2021-12-23,9,484.0,1.0
492,2021-07-30,8,604.0,1.0
493,2022-06-20,8,586.0,1.0
494,2022-03-18,9,538.0,1.0
495,2022-06-27,4,478.0,1.0
496,2021-10-19,4,589.0,1.0
497,2022-04-07,8,480.0,1.0
498,2022-05-17,7,220.0,1.0
499,2020-02-15,1,312.0,1.0
500,2021-08-05,6,220.0,1.0
501,2022-04-10,8,471.0,1.0
502,2022-05-28,7,540.0,1.0
503,2022-03-13,9,358.0,1.0
504,2022-01-22,9,215.0,1.0
505,2021-08-14,8,226.0,1.0
506,2022-01-18,8,220.0,1.0
507,2022-01-01,6,528.0,1.0
508,2022-01-22,9,215.0,1.0
509,2021-08-18,7,478.0,1.0
510,2022-02-24,4,220.0,1.0
511,2022-01-10,8,215.0,1.0
512,2022-06-06,10,536.0,1.0
513,2021-10-10,4,232.0,1.0
514,2022-04-10,4,528.0,1.0
515,2021-10-17,6,480.0,1.0
516,2022-02-23,4,462.0,1.0
517,2022-05-11,6,536.0,1.0
518,2021-10-16,4,479.0,1.0
519,2022-03-12,8,479.0,1.0
520,2021-05-26,7,360.0,1.0
521,2021-12-09,4,537.0,1.0
522,2021-11-24,10,478.0,1.0
523,2021-12-23,4,488.0,1.0
524,2022-06-03,1,538.0,1.0
525,2021-11-29,10,479.0,1.0
526,2020-11-27,10,320.0,1.0
527,2022-06-28,10,487.0,1.0
528,2022-03-14,9,606.0,1.0
529,2022-04-24,7,477.0,1.0
530,2021-11-28,4,477.0,1.0
531,2021-09-23,8,491.0,1.0
532,2021-12-07,4,466.0,1.0
533,,10,528.0,1.0
534,2021-08-14,6,235.0,1.0
535,2021-09-26,6,215.0,1.0
536,2022-04-19,10,487.0,1.0
537,2021-10-15,1,604.0,1.0
538,2022-04-06,4,574.0,1.0
539,2021-12-09,6,471.0,1.0
540,2022-02-20,9,530.0,1.0
541,2021-08-21,8,214.0,1.0
542,2022-03-26,1,220.0,1.0
543,2022-06-15,6,529.0,1.0
544,2022-03-30,1,566.0,1.0
545,2021-10-01,6,232.0,1.0
546,2022-06-25,9,477.0,1.0
547,2021-12-01,8,477.0,1.0
548,2022-01-05,6,536.0,1.0
549,2022-02-17,1,536.0,1.0
550,2020-12-12,9,362.0,1.0
551,2022-04-21,4,477.0,1.0
552,2021-08-16,4,485.0,1.0
553,2022-01-15,6,477.0,1.0
554,2021-08-24,9,480.0,1.0
555,2022-04-17,9,565.0,1.0
556,2021-09-09,8,480.0,1.0
557,2022-05-16,6,537.0,1.0
558,2022-04-18,1,383.0,1.0
559,2021-09-26,9,488.0,1.0
560,2022-02-04,8,480.0,2.0
561,2022-06-14,1,537.0,1.0
562,2022-03-17,9,541.0,1.0
563,2021-12-03,1,528.0,1.0
564,2022-06-17,9,489.0,1.0
565,2022-03-25,4,530.0,1.0
566,2020-04-01,8,311.0,1.0
567,2021-11-20,4,481.0,1.0
568,2022-05-09,6,530.0,1.0
569,2021-12-09,9,530.0,1.0
570,2021-09-03,9,362.0,1.0
571,2022-03-09,7,528.0,1.0
572,2022-05-31,9,484.0,1.0
573,2022-06-06,10,536.0,1.0
574,2022-01-24,6,214.0,1.0
575,2022-02-11,6,477.0,1.0
576,2021-12-24,4,481.0,1.0
577,2020-12-10,9,334.0,1.0
578,2022-02-07,1,582.0,1.0
579,2022-06-15,7,475.0,1.0
580,2020-12-04,4,324.0,1.0
581,2021-11-14,1,466.0,1.0
582,2022-05-19,1,480.0,1.0
583,2022-01-07,7,373.0,1.0
584,,4,477.0,1.0
585,2021-08-26,9,466.0,1.0
586,2022-02-11,7,356.0,1.0
587,2020-08-15,1,377.0,1.0
588,2021-12-27,9,480.0,1.0
589,2021-08-27,8,477.0,1.0
590,2021-08-14,8,214.0,1.0
591,2022-01-29,4,606.0,1.0
592,2021-08-27,8,477.0,1.0
593,2021-09-14,10,537.0,1.0
594,2022-04-26,4,478.0,1.0
595,2022-06-16,10,466.0,1.0
596,2022-03-05,4,354.0,1.0
597,2021-10-15,10,352.0,1.0
598,2022-05-30,10,530.0,1.0
599,2020-11-24,1,330.0,1.0
600,,4,606.0,1.0
601,2022-06-13,9,215.0,1.0
602,2022-04-02,10,480.0,1.0
603,2021-11-14,10,215.0,1.0
604,2021-12-17,6,537.0,1.0
605,2022-03-21,1,604.0,1.0
606,2021-11-04,4,,1.0
607,2022-03-17,9,541.0,1.0
608,2022-06-01,6,582.0,1.0
609,2021-07-24,10,477.0,1.0
610,,10,528.0,1.0
611,2021-12-07,7,220.0,1.0
612,2021-12-15,10,480.0,1.0
613,2022-03-22,9,220.0,1.0
614,2022-05-23,1,354.0,1.0
615,2021-08-08,1,536.0,1.0
616,2021-07-06,10,528.0,1.0
617,2022-06-24,1,485.0,1.0
618,2021-12-04,1,478.0,1.0
619,2021-10-15,10,352.0,1.0
620,2021-07-04,9,356.0,1.0
621,2021-11-02,4,215.0,1.0
622,2022-03-27,7,477.0,1.0
623,2021-08-03,6,537.0,1.0
624,2021-09-10,9,385.0,1.0
625,2022-06-06,6,476.0,1.0
626,2022-01-18,4,528.0,1.0
627,2021-03-29,9,375.0,1.0
628,2020-12-05,6,389.0,1.0
629,2021-10-25,4,606.0,1.0
630,2022-03-04,4,479.0,1.0
631,2022-01-22,9,215.0,1.0
632,2021-09-26,9,488.0,1.0
633,2020-12-14,9,377.0,1.0
634,2021-11-27,6,528.0,1.0
635,2022-02-03,10,480.0,1.0
636,2022-02-06,1,223.0,1.0
637,2021-12-01,8,223.0,1.0
638,2022-04-25,1,485.0,1.0
639,2020-03-14,4,346.0,1.0
640,2022-03-07,4,491.0,1.0
641,2021-12-25,8,223.0,1.0
642,2022-04-28,9,535.0,1.0
643,2022-05-07,4,578.0,1.0
644,2021-11-20,8,529.0,1.0
645,2021-07-15,7,483.0,1.0
646,2022-03-30,6,485.0,1.0
647,2021-10-12,6,539.0,1.0
648,2021-10-02,4,529.0,1.0
649,2021-10-10,4,232.0,1.0
650,2021-08-25,4,232.0,1.0
651,2022-02-06,1,223.0,1.0
652,2022-05-30,4,480.0,1.0
653,2022-02-09,8,226.0,1.0
654,2022-05-09,9,528.0,1.0
655,2021-10-23,4,485.0,1.0
656,2022-05-06,8,528.0,1.0
657,2021-12-01,8,477.0,1.0
658,2021-02-20,9,328.0,1.0
659,2021-07-15,7,540.0,1.0
660,2022-05-25,10,564.0,1.0
661,2022-06-12,9,529.0,1.0
662,2022-04-24,4,477.0,1.0
663,2022-01-10,1,220.0,1.0
664,2021-11-09,7,220.0,1.0
665,2022-03-01,8,215.0,1.0
666,2022-06-28,1,587.0,1.0
667,2022-02-10,1,223.0,1.0
668,2022-04-25,10,481.0,1.0
669,2021-07-13,9,485.0,1.0
670,2022-04-11,4,536.0,1.0
671,2022-06-06,8,530.0,1.0
672,2021-09-06,10,223.0,1.0
673,2022-06-17,9,489.0,1.0
674,2021-11-14,7,215.0,1.0
675,2020-06-07,4,342.0,1.0
676,2021-10-31,8,528.0,1.0
677,2022-01-23,6,223.0,1.0
678,2022-04-28,4,358.0,1.0
679,2022-01-11,4,529.0,1.0
680,2022-01-17,9,485.0,1.0
681,2022-06-29,7,479.0,1.0
682,2021-11-09,7,220.0,1.0
683,2022-06-24,1,480.0,1.0
684,2022-05-28,7,540.0,1.0
685,2022-01-04,9,484.0,1.0
686,2022-01-02,8,214.0,1.0
687,2021-09-04,6,541.0,1.0
688,2022-05-28,9,482.0,1.0
689,2022-06-21,7,220.0,1.0
690,2022-01-25,1,529.0,1.0
691,2022-03-17,6,214.0,1.0
692,2022-06-20,1,528.0,1.0
693,2022-02-22,9,484.0,1.0
694,2021-12-28,7,477.0,1.0
695,2022-03-28,9,473.0,1.0
696,2021-12-06,4,215.0,1.0
697,2022-04-08,7,215.0,1.0
698,2022-02-06,1,223.0,1.0
699,2021-08-29,7,477.0,1.0
700,2021-08-26,1,476.0,1.0
701,2022-04-10,10,383.0,1.0
702,2021-10-26,1,389.0,1.0
703,2022-06-26,1,472.0,1.0
704,2022-03-17,4,480.0,1.0
705,2021-08-19,8,223.0,1.0
706,2021-11-07,9,537.0,1.0
707,2021-08-18,7,477.0,1.0
708,2022-02-17,4,605.0,2.0
709,2021-11-07,4,477.0,2.0
710,2022-02-07,10,478.0,1.0
711,2022-05-17,7,568.0,1.0
712,2022-02-11,1,476.0,1.0
713,2022-03-31,6,480.0,1.0
714,2022-05-22,9,215.0,1.0
715,2022-05-31,1,528.0,1.0
716,2022-04-16,4,537.0,1.0
717,2022-05-28,9,482.0,1.0
718,2022-02-24,8,588.0,1.0
719,2021-11-21,1,220.0,1.0
720,2021-12-08,9,490.0,1.0
721,2022-03-02,6,530.0,1.0
722,2022-04-23,1,484.0,1.0
723,2022-03-27,7,537.0,1.0
724,2021-08-17,4,220.0,1.0
725,2021-09-19,6,538.0,1.0
726,2021-11-14,1,589.0,1.0
727,,6,529.0,1.0
728,2021-12-01,9,540.0,1.0
729,2022-05-16,6,537.0,1.0
730,2021-07-15,7,483.0,1.0
731,2021-09-23,8,491.0,1.0
732,2022-06-22,7,540.0,1.0
733,2022-03-03,6,462.0,1.0
734,2022-02-08,4,478.0,1.0
735,2022-01-17,9,477.0,1.0
736,2020-04-16,9,349.0,1.0
737,2022-03-01,4,535.0,1.0
738,2022-02-13,9,528.0,1.0
739,2022-05-09,9,480.0,1.0
740,2021-12-14,1,540.0,1.0
741,2022-05-26,10,530.0,1.0
742,2022-02-05,6,478.0,1.0
743,2022-03-18,1,356.0,1.0
744,2021-07-16,1,223.0,1.0
745,2021-11-22,6,220.0,1.0
746,2021-11-18,9,220.0,1.0
747,2022-06-15,7,475.0,1.0
748,2022-02-20,1,371.0,1.0
749,2022-01-08,1,480.0,1.0
750,2022-03-14,6,529.0,1.0
751,2020-05-24,8,322.0,1.0
752,2021-11-20,4,481.0,1.0
753,2021-10-31,8,358.0,1.0
754,2022-04-08,4,476.0,1.0
755,2022-04-19,7,486.0,1.0
756,2021-10-07,10,235.0,1.0
757,2022-02-07,9,528.0,1.0
758,2021-12-16,1,480.0,1.0
759,2021-10-20,9,464.0,1.0
760,2021-11-16,1,528.0,1.0
761,2021-11-24,1,528.0,1.0
762,2022-05-21,6,214.0,1.0
763,2022-06-23,6,528.0,1.0
764,2021-08-05,6,220.0,1.0
765,2022-04-17,9,565.0,1.0
766,2022-06-24,9,474.0,1.0
767,2022-03-01,10,485.0,1.0
768,2021-09-02,9,385.0,1.0
769,2022-05-05,9,487.0,1.0
770,2022-03-15,6,215.0,1.0
771,2022-06-28,1,480.0,1.0
772,2020-04-09,9,311.0,1.0
773,2022-03-14,4,232.0,1.0
774,2022-05-16,6,480.0,1.0
775,2022-04-05,7,539.0,1.0
776,2022-02-05,6,481.0,1.0
777,2022-04-27,9,580.0,1.0
778,2022-01-28,10,481.0,1.0
779,2021-09-15,1,387.0,1.0
780,2021-07-23,10,220.0,1.0
781,2022-05-14,9,477.0,1.0
782,2022-02-06,1,223.0,1.0
783,2022-05-15,6,214.0,1.0
784,2021-09-28,8,229.0,1.0
785,2021-12-31,10,479.0,1.0
786,2021-11-17,9,487.0,1.0
787,2021-10-31,8,584.0,1.0
788,2022-06-13,9,214.0,1.0
789,2021-09-26,1,593.0,1.0
790,2022-06-11,9,584.0,1.0
791,2022-06-21,8,482.0,1.0
792,2022-02-15,4,223.0,1.0
793,2022-04-04,4,538.0,1.0
794,2022-04-05,8,539.0,1.0
795,2022-01-05,1,479.0,1.0
796,2021-11-08,10,536.0,1.0
797,2022-04-26,9,488.0,1.0
798,2021-09-26,1,538.0,1.0
799,2022-04-18,7,464.0,1.0
800,2021-10-09,10,529.0,1.0
801,2022-05-10,1,578.0,1.0
802,2022-05-29,9,462.0,1.0
803,2021-08-26,7,362.0,1.0
804,2022-04-18,1,383.0,1.0
805,2021-12-17,4,220.0,1.0
806,2022-04-08,10,215.0,1.0
807,2022-04-04,4,538.0,1.0
808,2022-01-19,1,478.0,1.0
809,2022-04-11,9,484.0,1.0
810,2021-11-07,9,535.0,1.0
811,2021-09-22,4,535.0,1.0
812,2021-09-22,4,535.0,1.0
813,2021-09-21,1,538.0,1.0
814,2022-02-15,6,477.0,1.0
815,2022-02-20,8,229.0,1.0
816,2022-05-27,4,538.0,1.0
817,2021-11-20,6,538.0,1.0
818,2022-02-25,1,480.0,1.0
819,2022-01-15,8,530.0,1.0
820,2021-11-10,7,479.0,1.0
821,2022-06-17,10,352.0,1.0
822,2021-10-08,1,536.0,1.0
823,2021-08-23,4,477.0,1.0
824,2020-04-07,9,311.0,1.0
825,2021-12-17,1,539.0,1.0
826,2022-03-01,4,477.0,2.0
827,2022-02-06,10,600.0,1.0
828,2022-06-16,10,466.0,1.0
829,2021-11-14,4,478.0,1.0
830,2021-10-21,9,537.0,1.0
831,2022-04-05,8,539.0,1.0
832,2022-02-06,10,487.0,1.0
833,2021-07-13,4,352.0,1.0
834,2022-03-11,4,485.0,1.0
835,2022-02-19,4,529.0,1.0
836,2022-01-09,6,474.0,1.0
837,2021-10-26,9,541.0,1.0
838,2022-02-23,9,539.0,1.0
839,2022-02-06,1,223.0,1.0
840,2022-05-09,4,220.0,1.0
841,2022-04-04,4,538.0,1.0
842,2022-01-20,8,538.0,1.0
843,2021-11-04,4,,1.0
844,2022-04-06,4,223.0,2.0
845,2021-10-08,1,536.0,1.0
846,2022-06-15,8,485.0,1.0
847,2022-05-31,9,584.0,1.0
848,2021-11-24,1,220.0,1.0
849,2022-03-29,7,220.0,1.0
850,2021-12-12,8,478.0,1.0
851,2021-06-15,4,332.0,1.0
852,2022-04-24,9,589.0,1.0
853,2022-04-12,10,478.0,1.0
854,2021-09-19,1,528.0,1.0
855,2022-03-28,4,537.0,1.0
856,2022-06-24,1,480.0,1.0
857,2021-11-14,7,215.0,1.0
858,2022-01-11,4,529.0,1.0
859,2022-02-03,10,480.0,1.0
860,2021-11-07,6,540.0,1.0
861,2020-05-13,1,310.0,1.0
862,2022-05-24,6,528.0,1.0
863,2021-10-16,10,381.0,1.0
864,2022-06-06,6,476.0,1.0
865,2021-10-27,9,489.0,1.0
866,2021-11-02,7,477.0,1.0
867,2020-10-25,8,334.0,1.0
868,,7,477.0,1.0
869,2022-01-22,6,535.0,1.0
870,2022-02-20,10,485.0,1.0
871,2021-12-19,10,356.0,1.0
872,2022-06-19,9,487.0,1.0
873,2022-06-20,4,479.0,1.0
874,2021-08-05,6,220.0,1.0
875,2021-08-12,8,477.0,1.0
876,2022-03-18,4,529.0,1.0
877,2022-06-07,4,464.0,1.0
878,2020-05-07,9,351.0,1.0
879,2021-05-03,9,370.0,1.0
880,2021-08-12,6,480.0,1.0
881,2021-09-14,10,537.0,1.0
882,2022-02-07,8,539.0,1.0
883,2021-12-18,6,477.0,1.0
884,2022-05-19,4,223.0,1.0
885,2022-05-14,9,477.0,1.0
886,2022-02-13,7,529.0,1.0
887,2022-01-29,6,537.0,1.0
888,2022-03-07,4,491.0,1.0
889,2022-01-22,6,535.0,1.0
890,2021-10-13,9,383.0,1.0
891,2022-01-20,8,484.0,1.0
892,2022-02-22,8,485.0,1.0
893,2021-11-03,9,489.0,1.0
894,2022-04-23,6,466.0,1.0
895,2021-11-24,1,528.0,1.0
896,2022-02-17,6,490.0,1.0
897,2022-03-01,8,529.0,1.0
898,2021-03-21,6,330.0,1.0
899,2022-01-07,1,490.0,1.0
900,2021-09-05,9,485.0,1.0
901,2022-01-19,1,478.0,1.0
902,2022-01-26,4,530.0,1.0
903,2022-05-17,6,477.0,1.0
904,2022-04-18,7,464.0,1.0
905,2021-11-09,9,477.0,1.0
906,2022-06-23,9,562.0,1.0
907,2022-06-15,9,480.0,1.0
908,2022-03-20,1,480.0,1.0
909,2021-12-21,10,480.0,1.0
910,2022-05-04,6,476.0,1.0
911,2021-12-16,9,385.0,1.0
912,2021-08-20,4,529.0,1.0
913,2021-12-26,1,232.0,1.0
914,2021-08-29,4,477.0,1.0
915,2021-06-13,4,371.0,1.0
916,2022-04-14,6,480.0,1.0
917,2021-02-25,9,370.0,1.0
918,2022-01-09,4,478.0,1.0
919,2021-11-10,7,479.0,1.0
920,2021-08-15,10,226.0,1.0
921,2021-12-23,9,484.0,1.0
922,2021-09-13,9,478.0,1.0
923,2021-12-28,8,214.0,1.0
924,2022-06-03,7,477.0,1.0
925,2022-02-17,6,485.0,1.0
926,2022-02-18,4,220.0,1.0
927,2021-12-28,4,538.0,1.0
928,2022-04-30,4,478.0,1.0
929,2022-02-04,9,560.0,1.0
930,2022-05-08,9,535.0,1.0
931,2022-05-18,9,536.0,1.0
932,2022-04-01,4,215.0,1.0
933,2021-10-12,6,537.0,1.0
934,2022-04-23,8,538.0,1.0
935,2022-06-10,1,466.0,1.0
936,2021-05-31,4,369.0,1.0
937,2022-05-30,4,605.0,1.0
938,2021-11-09,7,220.0,1.0
939,2022-06-16,10,466.0,1.0
940,2022-03-09,6,472.0,1.0
941,2022-06-23,9,563.0,1.0
942,2021-11-14,10,215.0,1.0
943,2022-02-27,6,528.0,1.0
944,2021-09-16,6,478.0,2.0
945,2022-06-28,4,528.0,2.0
946,2022-06-15,1,223.0,1.0
947,2022-06-07,9,464.0,1.0
948,2022-02-15,9,606.0,1.0
949,2021-08-21,1,214.0,1.0
950,2021-12-09,6,475.0,1.0
951,2020-08-28,4,370.0,1.0
952,2022-05-09,9,528.0,1.0
953,2022-03-29,6,480.0,1.0
954,2022-01-18,9,471.0,1.0
955,2021-10-20,1,480.0,1.0
956,2022-01-20,8,484.0,1.0
957,2022-03-13,8,480.0,2.0
958,2022-02-23,10,475.0,1.0
959,2022-06-03,9,488.0,1.0
960,2021-09-10,9,385.0,1.0
961,2021-08-16,6,478.0,1.0
962,2021-12-25,9,530.0,1.0
963,2021-12-17,1,474.0,1.0
964,2022-04-06,1,356.0,1.0
965,2022-04-05,8,539.0,1.0
966,2022-03-21,10,581.0,1.0
967,2021-10-01,10,358.0,1.0
968,2021-08-03,6,540.0,1.0
969,2021-09-26,8,582.0,1.0
970,2020-04-29,9,348.0,1.0
971,2021-11-19,9,214.0,1.0
972,2022-06-03,9,478.0,1.0
973,2021-12-07,6,474.0,1.0
974,2021-09-03,9,528.0,1.0
975,2022-02-23,9,539.0,1.0
976,2022-01-27,6,485.0,1.0
977,2022-03-01,4,535.0,1.0
978,2022-03-28,10,223.0,1.0
979,2022-04-25,9,538.0,1.0
980,2022-03-29,7,220.0,1.0
981,,8,477.0,1.0
982,2022-06-01,8,358.0,1.0
983,2021-12-23,9,484.0,1.0
984,2022-05-08,9,535.0,1.0
985,2021-08-28,6,477.0,1.0
986,2021-12-15,6,577.0,1.0
987,2022-05-09,9,528.0,1.0
988,2021-02-22,9,362.0,1.0
989,2021-11-14,9,537.0,1.0
990,2021-08-23,4,477.0,1.0
991,2021-09-13,4,474.0,1.0
992,2021-08-14,8,530.0,1.0
993,2022-03-04,10,487.0,1.0
994,2021-09-19,10,581.0,1.0
995,2022-02-12,1,477.0,1.0
996,2020-10-27,6,368.0,1.0
997,2021-07-08,9,487.0,1.0
998,2021-12-03,10,220.0,1.0
999,2020-07-11,8,387.0,1.0
1000,2022-06-19,1,356.0,1.0
1001,2020-03-08,8,350.0,1.0
1002,2021-12-26,4,214.0,1.0
1003,2022-01-22,6,535.0,1.0
1004,2022-05-30,9,537.0,1.0
1005,2021-08-13,6,529.0,1.0
1006,2021-10-02,4,214.0,1.0
1007,2021-10-12,6,539.0,1.0
1008,2022-02-12,9,480.0,1.0
1009,2021-08-15,10,226.0,1.0
1010,2021-10-29,4,581.0,1.0
1011,2022-06-25,9,539.0,1.0
1012,2022-04-12,9,477.0,1.0
1013,,10,565.0,1.0
1014,2022-02-23,4,226.0,1.0
1015,2021-09-05,9,485.0,1.0
1016,2021-12-12,10,485.0,1.0
1017,2022-02-11,6,529.0,1.0
1018,2021-08-28,6,223.0,1.0
1019,2022-05-16,8,466.0,1.0
1020,2021-08-13,4,478.0,1.0
1021,2021-11-07,4,477.0,2.0
1022,2022-05-24,6,528.0,1.0
1023,,7,477.0,1.0
1024,2022-03-13,9,352.0,1.0
1025,2022-05-14,6,485.0,1.0
1026,2021-09-08,9,360.0,1.0
1027,2021-11-13,1,479.0,1.0
1028,2021-08-15,6,478.0,1.0
1029,2022-02-17,4,605.0,2.0
1030,2022-02-28,9,539.0,1.0
1031,2022-03-07,4,575.0,1.0
1032,2022-01-13,4,529.0,1.0
1033,2022-01-11,1,484.0,1.0
1034,2022-02-17,6,490.0,1.0
1035,2020-12-18,4,352.0,1.0
1036,2021-08-07,6,480.0,1.0
1037,2022-03-01,1,480.0,1.0
1038,2020-10-13,9,352.0,2.0
1039,2021-10-10,4,232.0,1.0
1040,2021-12-07,4,540.0,1.0
1041,2021-11-29,1,535.0,1.0
1042,2021-10-17,9,538.0,1.0
1043,2022-06-29,7,479.0,1.0
1044,2022-02-11,1,476.0,1.0
1045,2021-09-05,4,537.0,1.0
1046,2022-06-22,1,485.0,1.0
1047,2021-10-04,9,214.0,1.0
1048,2021-10-01,4,478.0,1.0
1049,2021-08-30,6,482.0,1.0
1050,2022-02-14,7,362.0,1.0
1051,2020-08-28,4,370.0,1.0
1052,2021-08-27,6,477.0,1.0
1053,2022-06-23,6,528.0,1.0
1054,2022-05-16,6,537.0,1.0
1055,2021-11-12,6,606.0,1.0
1056,2021-08-24,4,478.0,1.0
1057,2022-01-31,6,537.0,1.0
1058,,7,477.0,1.0
1059,2022-05-21,9,487.0,1.0
1060,2022-01-30,4,528.0,1.0
1061,2021-11-30,4,535.0,1.0
1062,2021-12-10,9,478.0,1.0
1063,2022-02-27,9,226.0,1.0
1064,,7,477.0,1.0
1065,2021-12-01,7,220.0,1.0
1066,2021-08-15,10,226.0,1.0
1067,2021-03-08,9,352.0,1.0
1068,2022-04-12,9,477.0,1.0
1069,2022-04-22,7,541.0,1.0
1070,2021-09-30,6,528.0,2.0
1071,2022-06-09,7,528.0,1.0
1072,2022-04-19,4,214.0,1.0
1073,2022-03-14,4,477.0,1.0
1074,2021-09-26,1,593.0,1.0
1075,2022-06-16,10,466.0,1.0
1076,2022-05-02,4,477.0,1.0
1077,2021-10-25,4,606.0,1.0
1078,2021-11-16,1,528.0,1.0
1079,2021-08-04,1,478.0,1.0
1080,2022-05-16,9,488.0,1.0
1081,2021-07-06,10,528.0,1.0
1082,2021-10-25,4,606.0,1.0
1083,2022-05-15,1,480.0,1.0
1084,2022-02-12,7,529.0,1.0
1085,2022-04-21,4,477.0,1.0
1086,2022-02-19,7,354.0,1.0
1087,2021-07-03,9,477.0,1.0
1088,2022-05-15,6,214.0,1.0
1089,2020-04-29,9,348.0,1.0
1090,2022-01-06,7,479.0,1.0
1091,2021-10-13,10,540.0,1.0
1092,2022-03-21,1,604.0,1.0
1093,2021-07-31,4,540.0,1.0
1094,2022-05-15,1,489.0,1.0
1095,2022-01-11,1,588.0,1.0
1096,2022-01-31,8,479.0,1.0
1097,2021-12-16,6,530.0,1.0
1098,2021-10-24,8,541.0,1.0
1099,2021-08-27,8,477.0,1.0
1100,2021-07-08,9,487.0,1.0
1101,2021-11-17,8,584.0,1.0
1102,2022-05-07,10,214.0,1.0
1103,2022-04-17,1,539.0,1.0
1104,2020-01-18,10,310.0,1.0
1105,2022-03-07,4,535.0,1.0
1106,2021-10-28,7,484.0,1.0
1107,2021-12-11,1,371.0,1.0
1108,2021-07-28,7,377.0,1.0
1109,2022-05-24,6,362.0,1.0
1110,2021-11-13,1,562.0,1.0
1111,2022-04-27,4,215.0,1.0
1112,2022-01-02,9,561.0,1.0
1113,2022-02-24,9,477.0,2.0
1114,2021-09-06,8,562.0,1.0
1115,2022-03-30,6,537.0,1.0
1116,2022-04-03,6,486.0,1.0
1117,2022-06-27,4,478.0,1.0
1118,2022-02-25,1,477.0,1.0
1119,2021-08-03,6,229.0,1.0
1120,2020-07-03,4,373.0,1.0
1121,2021-10-14,1,581.0,1.0
1122,2022-06-20,8,586.0,1.0
1123,2020-05-24,8,322.0,1.0
1124,2022-06-13,8,581.0,1.0
1125,2021-11-12,10,541.0,1.0
1126,2022-01-17,9,477.0,1.0
1127,2021-12-25,9,229.0,1.0
1128,2021-08-12,8,477.0,1.0
1129,2021-10-09,1,478.0,1.0
1130,2021-08-06,8,529.0,1.0
1131,2022-05-26,1,528.0,1.0
1132,2022-06-05,7,214.0,1.0
1133,2022-06-21,7,593.0,1.0
1134,2022-04-27,4,529.0,1.0
1135,2022-03-04,10,487.0,1.0
1136,2022-03-20,9,466.0,1.0
1137,2022-04-27,7,215.0,1.0
1138,2022-05-24,1,462.0,1.0
1139,2022-02-12,1,477.0,1.0
1140,2020-11-16,8,379.0,1.0
1141,2022-04-04,9,477.0,1.0
1142,2022-03-24,9,477.0,1.0
1143,2021-11-13,9,375.0,1.0
1144,2021-11-28,10,478.0,1.0
1145,2020-03-28,7,312.0,1.0
1146,2022-02-01,7,223.0,1.0
1147,2022-02-07,4,487.0,1.0
1148,2022-03-07,9,214.0,1.0
1149,2022-02-20,10,485.0,1.0
1150,2022-01-10,1,220.0,1.0
1151,2022-04-23,4,480.0,1.0
1152,2022-01-06,7,486.0,1.0
1153,2021-07-16,1,223.0,1.0
1154,2021-09-25,1,539.0,1.0
1155,2021-12-12,7,,1.0
1156,2022-02-12,10,479.0,1.0
1157,2022-04-23,7,529.0,1.0
1158,2021-09-24,6,474.0,1.0
1159,2022-06-17,1,481.0,1.0
1160,2021-12-08,4,214.0,1.0
1161,2022-06-20,8,586.0,1.0
1162,2021-11-12,9,535.0,1.0
1163,2022-01-29,10,530.0,1.0
1164,2021-10-20,1,466.0,1.0
1165,2021-08-25,9,540.0,1.0
1166,2022-01-22,9,215.0,1.0
1167,2022-02-07,4,487.0,1.0
1168,2021-08-24,4,528.0,1.0
1169,2022-03-10,6,478.0,1.0
1170,2022-03-29,1,528.0,1.0
1171,2021-11-15,4,478.0,1.0
1172,2022-03-17,4,480.0,1.0
1173,2022-05-23,1,606.0,1.0
1174,2021-09-05,4,362.0,1.0
1175,2020-03-26,10,312.0,1.0
1176,,4,479.0,1.0
1177,2022-01-02,9,214.0,1.0
1178,2022-01-25,6,479.0,1.0
1179,2021-08-15,8,538.0,1.0
1180,2022-04-05,8,539.0,1.0
1181,2022-04-15,7,489.0,1.0
1182,,4,477.0,2.0
1183,2022-01-26,6,537.0,1.0
1184,2021-10-12,9,360.0,1.0
1185,2021-10-30,6,475.0,1.0
1186,2020-10-03,1,352.0,1.0
1187,2022-01-03,4,485.0,1.0
1188,2022-02-14,9,477.0,1.0
1189,2022-01-05,10,480.0,1.0
1190,2021-11-01,6,478.0,1.0
1191,2021-11-19,4,377.0,1.0
1192,2022-01-20,8,484.0,1.0
1193,2021-09-14,10,576.0,1.0
1194,2022-05-29,9,379.0,1.0
1195,2021-11-08,4,472.0,1.0
1196,2022-05-19,4,223.0,1.0
1197,2022-06-13,9,215.0,1.0
1198,2020-10-30,7,370.0,1.0
1199,2022-06-07,1,574.0,1.0
1200,2021-10-24,4,214.0,1.0
1201,2022-06-03,1,538.0,1.0
1202,2022-02-08,6,478.0,1.0
1203,2021-12-20,8,223.0,1.0
1204,2021-12-26,8,479.0,1.0
1205,2022-04-27,1,529.0,1.0
1206,,9,358.0,1.0
1207,2021-06-19,1,328.0,1.0
1208,2022-03-31,4,528.0,1.0
1209,2022-03-05,4,354.0,1.0
1210,2022-04-22,8,584.0,1.0
1211,2022-02-17,1,530.0,1.0
1212,2021-12-06,6,485.0,1.0
1213,2021-09-16,1,478.0,1.0
1214,2021-12-13,1,485.0,1.0
1215,2021-07-31,9,489.0,1.0
1216,2022-02-20,7,528.0,1.0
1217,2022-05-19,1,480.0,1.0
1218,2022-02-21,6,477.0,1.0
1219,2021-12-15,10,480.0,1.0
1220,2022-02-27,1,528.0,1.0
1221,2021-08-24,10,480.0,1.0
1222,2021-10-28,4,,1.0
1223,2022-05-29,9,220.0,1.0
1224,2022-01-12,9,479.0,1.0
1225,2021-10-20,10,478.0,1.0
1226,2021-10-19,4,589.0,1.0
1227,2021-08-28,1,540.0,1.0
1228,,8,477.0,1.0
1229,2021-08-13,10,590.0,1.0
1230,2022-06-28,7,575.0,1.0
1231,2022-02-12,10,479.0,1.0
1232,2022-04-03,10,535.0,1.0
1233,2022-06-10,1,581.0,1.0
1234,2022-05-15,6,485.0,1.0
1235,2020-02-02,6,312.0,1.0
1236,2022-01-10,6,462.0,1.0
1237,2021-02-20,9,328.0,1.0
1238,2022-03-12,10,360.0,1.0
1239,2021-12-20,6,478.0,1.0
1240,2021-08-25,9,540.0,1.0
1241,2020-04-29,9,348.0,1.0
1242,2021-05-16,9,354.0,1.0
1243,2021-10-28,7,577.0,1.0
1244,2021-12-25,1,220.0,1.0
1245,2021-10-18,7,482.0,1.0
1246,2020-05-16,6,313.0,1.0
1247,2020-08-31,10,373.0,1.0
1248,2022-02-03,10,480.0,1.0
1249,2022-03-28,1,215.0,1.0
1250,2021-08-07,6,480.0,1.0
1251,2021-09-16,6,529.0,1.0
1252,2021-12-31,6,539.0,1.0
1253,2022-06-29,7,477.0,1.0
1254,2022-05-04,6,476.0,1.0
1255,2021-07-29,9,480.0,1.0
1256,2022-05-30,1,538.0,1.0
1257,2022-01-07,1,220.0,1.0
1258,2021-12-07,4,540.0,1.0
1259,2021-12-07,7,220.0,1.0
1260,2022-01-06,9,223.0,1.0
1261,2020-04-30,8,330.0,1.0
1262,2022-05-16,1,569.0,1.0
1263,2022-04-11,9,375.0,1.0
1264,2021-11-17,6,605.0,1.0
1265,2021-11-14,10,477.0,1.0
1266,2022-02-06,4,530.0,1.0
1267,2021-11-23,1,479.0,1.0
1268,2021-12-07,4,540.0,1.0
1269,2022-02-10,7,481.0,1.0
1270,2021-11-18,10,529.0,1.0
1271,2020-08-15,1,377.0,1.0
1272,2021-11-09,9,477.0,1.0
1273,2022-04-29,10,358.0,1.0
1274,2021-12-08,4,214.0,1.0
1275,2021-12-03,1,535.0,1.0
1276,2021-10-20,1,466.0,1.0
1277,2021-09-01,6,535.0,1.0
1278,2021-08-16,4,356.0,1.0
1279,2022-02-12,7,529.0,1.0
1280,2021-10-24,8,541.0,1.0
1281,2021-10-24,8,541.0,1.0
1282,2022-05-30,9,582.0,1.0
1283,2022-04-17,1,539.0,1.0
1284,2020-05-16,6,313.0,1.0
1285,2021-06-27,9,362.0,1.0
1286,2021-11-12,9,535.0,1.0
1287,2021-10-30,9,358.0,1.0
1288,2022-05-06,4,477.0,1.0
1289,2022-01-28,1,537.0,1.0
1290,2021-10-17,8,530.0,1.0
1291,2022-04-06,1,220.0,1.0
1292,2021-10-28,7,577.0,1.0
1293,2022-03-22,9,480.0,1.0
1294,2022-06-28,1,480.0,1.0
1295,2021-08-02,9,539.0,1.0
1296,2021-11-19,4,377.0,1.0
1297,2021-12-21,1,477.0,1.0
1298,2021-12-12,6,214.0,1.0
1299,2022-06-08,9,477.0,1.0
1300,2020-06-05,4,313.0,1.0
1301,2022-06-03,1,538.0,1.0
1302,2022-01-28,8,477.0,1.0
1303,2021-09-03,1,477.0,1.0
1304,2022-01-22,6,540.0,1.0
1305,2021-10-11,6,600.0,1.0
1306,2021-10-25,10,485.0,1.0
1307,2021-05-03,9,370.0,1.0
1308,2022-05-02,4,477.0,1.0
1309,2022-01-01,6,528.0,1.0
1310,2021-08-03,6,537.0,1.0
1311,2022-05-23,4,574.0,1.0
1312,2022-05-26,10,530.0,1.0
1313,2021-09-27,10,232.0,1.0
1314,2022-04-30,8,581.0,1.0
1315,2021-10-07,6,538.0,1.0
1316,2022-02-22,4,232.0,1.0
1317,2022-06-20,8,586.0,1.0
1318,2021-09-23,10,561.0,1.0
1319,2021-09-20,10,477.0,1.0
1320,2021-11-25,4,485.0,1.0
1321,2021-11-07,4,477.0,2.0
1322,2022-06-29,7,477.0,1.0
1323,2021-11-19,4,377.0,1.0
1324,2022-01-18,10,529.0,1.0
1325,2021-12-24,9,529.0,1.0
1326,2021-11-07,4,477.0,2.0
1327,2021-12-13,8,223.0,1.0
1328,2022-02-17,9,385.0,1.0
1329,2021-11-02,4,215.0,1.0
1330,2021-07-29,10,480.0,1.0
1331,2021-08-12,4,529.0,1.0
1332,2022-05-05,4,480.0,1.0
1333,2021-12-25,1,220.0,1.0
1334,2022-03-09,7,537.0,1.0
1335,2021-02-12,9,330.0,1.0
1336,2021-09-03,1,538.0,
1337,2021-09-15,1,387.0,1.0
1338,2022-04-15,9,480.0,1.0
1339,2022-01-20,8,484.0,1.0
1340,2022-03-08,9,354.0,1.0
1341,2022-01-31,8,479.0,1.0
1342,2020-12-10,9,334.0,1.0
1343,2022-06-17,9,489.0,1.0
1344,2020-11-27,10,320.0,1.0
1345,2021-11-16,1,528.0,1.0
1346,2022-02-07,4,476.0,1.0
1347,2021-11-12,8,477.0,1.0
1348,2022-02-05,4,541.0,1.0
1349,2021-10-04,4,487.0,1.0
1350,2022-01-23,7,530.0,1.0
1351,2022-01-28,9,371.0,1.0
1352,2022-06-28,7,591.0,1.0
1353,2022-02-14,4,530.0,1.0
1354,2020-12-01,10,356.0,1.0
1355,2022-05-13,7,220.0,1.0
1356,2022-04-23,8,538.0,1.0
1357,2022-04-27,4,529.0,1.0
1358,2022-04-08,10,215.0,1.0
1359,2022-02-13,9,214.0,1.0
1360,2020-01-21,8,346.0,1.0
1361,2022-05-01,4,360.0,1.0
1362,2022-04-11,4,536.0,1.0
1363,2022-04-29,4,490.0,1.0
1364,2022-04-25,7,477.0,1.0
1365,2022-03-04,4,479.0,1.0
1366,2022-05-14,7,580.0,1.0
1367,2021-10-10,9,529.0,1.0
1368,2021-11-23,4,476.0,1.0
1369,2022-06-10,1,581.0,1.0
1370,2022-01-10,10,535.0,1.0
1371,2022-05-31,10,477.0,1.0
1372,2022-02-06,10,487.0,1.0
1373,2022-06-15,1,223.0,1.0
1374,2022-03-23,8,536.0,1.0
1375,2021-07-08,9,487.0,1.0
1376,2021-11-22,10,214.0,1.0
1377,2021-08-20,9,529.0,1.0
1378,2022-06-17,10,597.0,1.0
1379,2021-09-26,4,485.0,1.0
1380,2022-06-13,9,215.0,1.0
1381,2022-05-09,9,480.0,1.0
1382,2022-06-17,1,354.0,1.0
1383,2022-01-01,9,479.0,2.0
1384,,9,488.0,1.0
1385,2021-12-28,9,562.0,1.0
1386,2021-05-26,7,360.0,1.0
1387,,6,529.0,1.0
1388,2022-05-30,4,605.0,1.0
1389,2022-01-07,7,373.0,1.0
1390,2022-05-14,6,483.0,1.0
1391,2021-11-13,1,562.0,1.0
1392,2022-05-29,9,220.0,1.0
1393,2022-05-17,10,214.0,1.0
1394,2022-03-22,10,485.0,1.0
1395,2022-02-26,5,540.0,1.0
1396,2020-09-10,1,354.0,1.0
1397,2021-09-17,6,464.0,1.0
1398,2022-01-02,8,214.0,1.0
1399,2021-11-29,10,479.0,1.0
1400,2021-10-25,9,477.0,1.0
1401,2022-04-17,1,539.0,1.0
1402,2022-04-16,4,581.0,1.0
1403,2022-02-14,1,229.0,1.0
1404,2020-12-04,4,324.0,1.0
1405,2021-09-06,1,214.0,1.0
1406,2021-10-31,1,596.0,1.0
1407,2022-04-02,8,220.0,1.0
1408,2022-04-19,6,528.0,1.0
1409,2021-12-06,8,563.0,1.0
1410,2022-02-01,1,600.0,1.0
1411,2022-02-22,9,479.0,1.0
1412,2021-09-29,6,528.0,1.0
1413,2022-02-24,9,562.0,1.0
1414,2022-02-21,9,580.0,1.0
1415,2022-05-09,1,484.0,1.0
1416,2021-07-07,10,358.0,1.0
1417,2022-05-26,9,479.0,1.0
1418,2020-05-06,9,324.0,1.0
1419,2022-04-17,9,565.0,1.0
1420,2022-05-23,4,577.0,1.0
1421,2022-02-07,1,582.0,1.0
1422,2021-12-07,4,540.0,1.0
1423,2021-10-21,6,215.0,1.0
1424,2022-05-30,9,480.0,1.0
1425,2022-05-07,4,578.0,1.0
1426,2021-09-14,10,537.0,1.0
1427,2021-09-19,1,389.0,1.0
1428,2022-02-11,6,477.0,1.0
1429,2022-05-26,6,528.0,1.0
1430,2022-01-10,4,577.0,1.0
1431,2021-11-10,6,528.0,1.0
1432,2021-10-28,7,577.0,1.0
1433,2021-11-19,4,220.0,1.0
1434,2020-01-22,4,311.0,1.0
1435,2021-10-22,9,537.0,1.0
1436,,4,464.0,1.0
1437,2021-12-25,1,220.0,1.0
1438,2021-11-25,6,528.0,1.0
1439,2022-03-04,9,528.0,1.0
1440,2021-10-06,9,477.0,1.0
1441,2022-05-25,8,215.0,1.0
1442,2022-06-14,7,528.0,1.0
1443,2022-01-26,4,480.0,1.0
1444,2022-03-21,9,573.0,1.0
1445,2022-01-15,1,541.0,1.0
1446,2022-06-24,1,480.0,1.0
1447,2022-03-04,4,479.0,1.0
1448,2022-05-24,6,362.0,1.0
1449,2021-10-08,9,480.0,1.0
1450,2021-08-25,9,540.0,1.0
1451,2022-06-22,9,477.0,1.0
1452,2022-04-21,4,235.0,1.0
1453,2020-11-23,9,326.0,1.0
1454,2020-09-03,9,369.0,1.0
1455,2022-01-03,9,477.0,1.0
1456,2021-09-26,1,483.0,1.0
1457,2022-05-05,8,541.0,1.0
1458,2022-05-06,6,485.0,1.0
1459,2021-08-15,10,226.0,1.0
1460,2022-03-23,8,536.0,1.0
1461,2022-05-24,8,536.0,1.0
1462,2021-08-30,6,528.0,1.0
1463,2022-04-11,1,537.0,1.0
1464,2021-06-12,10,381.0,1.0
1465,2022-06-12,10,477.0,1.0
1466,2021-11-03,9,489.0,1.0
1467,2022-06-29,7,479.0,1.0
1468,2022-01-05,6,536.0,1.0
1469,2022-06-25,9,484.0,1.0
1470,2021-10-31,9,604.0,1.0
1471,2022-02-06,4,539.0,1.0
1472,2021-09-10,10,529.0,1.0
1473,2022-04-26,4,478.0,1.0
1474,2021-06-21,10,368.0,1.0
1475,2022-01-09,4,479.0,1.0
1476,2021-10-10,10,535.0,1.0
1477,2022-04-01,4,215.0,1.0
1478,2021-11-23,9,214.0,1.0
1479,2022-02-08,9,477.0,1.0
1480,2020-11-23,9,326.0,1.0
1481,2022-02-13,9,214.0,1.0
1482,2022-06-19,7,462.0,1.0
1483,2022-04-19,4,478.0,1.0
1484,2022-03-28,9,476.0,1.0
1485,2020-04-30,8,330.0,1.0
1486,2022-04-12,9,477.0,1.0
1487,2021-11-10,7,479.0,1.0
1488,2020-12-11,9,375.0,1.0
1489,2021-08-24,4,478.0,1.0
1490,2021-11-24,1,528.0,1.0
1491,,10,565.0,1.0
1492,2022-03-12,4,577.0,1.0
1493,2021-09-26,9,488.0,1.0
1494,2021-12-09,4,537.0,1.0
1495,2020-04-10,9,326.0,1.0
1496,2021-09-16,1,537.0,1.0
1497,2021-10-09,4,223.0,1.0
1498,2022-04-10,8,560.0,1.0
1499,2020-08-26,4,387.0,1.0
1500,2021-11-02,7,477.0,1.0
1501,2022-01-01,9,477.0,1.0
1502,2021-12-17,6,528.0,1.0
1503,2021-08-16,4,356.0,1.0
1504,2021-09-14,10,576.0,1.0
1505,2021-09-26,4,477.0,1.0
1506,2022-01-21,9,489.0,1.0
1507,2022-01-15,9,529.0,1.0
1508,2022-01-01,9,528.0,1.0
1509,2022-02-17,9,477.0,1.0
1510,2022-03-21,1,540.0,1.0
1511,2021-09-15,6,215.0,1.0
1512,2020-12-12,8,377.0,1.0
1513,2021-10-31,8,584.0,1.0
1514,2021-12-12,8,478.0,1.0
1515,2021-09-26,6,215.0,1.0
1516,2021-08-04,1,478.0,1.0
1517,2021-08-16,4,356.0,1.0
1518,2022-06-13,9,215.0,1.0
1519,2022-02-24,8,478.0,1.0
1520,2022-06-17,9,489.0,1.0
1521,2021-02-22,9,362.0,1.0
1522,2022-06-20,1,528.0,1.0
1523,2022-02-15,9,606.0,1.0
1524,2021-08-23,4,477.0,1.0
1525,2022-01-14,10,529.0,1.0
1526,2020-05-16,7,313.0,1.0
1527,2022-02-11,6,477.0,1.0
1528,2021-03-20,9,360.0,1.0
1529,2022-05-31,6,535.0,1.0
1530,2021-07-15,1,540.0,1.0
1531,2021-08-30,1,480.0,2.0
1532,2020-04-10,9,326.0,1.0
1533,2021-11-28,1,530.0,1.0
1534,2021-11-18,7,487.0,1.0
1535,2021-09-11,9,480.0,1.0
1536,2022-01-01,6,528.0,1.0
1537,2022-04-24,4,477.0,1.0
1538,2022-01-21,8,529.0,1.0
1539,2022-04-30,8,581.0,1.0
1540,2020-04-15,9,312.0,1.0
1541,2022-02-27,1,235.0,1.0
1542,2022-04-22,4,528.0,1.0
1543,2022-01-09,4,479.0,1.0
1544,2021-11-02,9,214.0,1.0
1545,2020-12-04,4,324.0,1.0
1546,2021-12-31,4,223.0,1.0
1547,2022-04-21,9,383.0,1.0
1548,2022-04-03,10,535.0,1.0
1549,2022-05-30,1,479.0,1.0
1550,2021-08-20,9,229.0,1.0
1551,2021-12-24,1,537.0,1.0
1552,2022-05-26,10,530.0,1.0
1553,2022-05-31,9,484.0,1.0
1554,2022-05-08,9,535.0,1.0
1555,2022-02-26,1,537.0,1.0
1556,2021-11-19,4,486.0,1.0
1557,2022-06-28,7,575.0,1.0
1558,2022-03-25,9,477.0,1.0
1559,2020-10-27,6,368.0,1.0
1560,2022-01-02,8,528.0,1.0
1561,2022-03-21,1,604.0,1.0
1562,2021-10-15,10,352.0,1.0
1563,2021-11-28,1,480.0,1.0
1564,2021-08-11,6,477.0,1.0
1565,2022-05-24,9,562.0,1.0
1566,2022-06-30,8,477.0,1.0
1567,2022-06-06,6,485.0,1.0
1568,2020-06-24,9,320.0,1.0
1569,2021-08-04,1,478.0,1.0
1570,2022-04-11,7,480.0,1.0
1571,2022-03-31,1,387.0,1.0
1572,2022-04-27,9,214.0,1.0
1573,2022-03-27,4,479.0,1.0
1574,2022-03-30,7,529.0,1.0
1575,2021-12-07,7,595.0,1.0
1576,2022-05-04,4,606.0,1.0
1577,2022-05-04,6,476.0,1.0
1578,2022-04-22,8,530.0,1.0
1579,2022-04-19,7,530.0,1.0
1580,2021-12-30,1,540.0,1.0
1581,2021-06-10,4,356.0,1.0
1582,2021-12-30,7,229.0,1.0
1583,2022-02-01,1,600.0,1.0
1584,2021-11-09,9,477.0,1.0
1585,2021-12-30,4,484.0,1.0
1586,2022-06-29,8,541.0,1.0
1587,2022-05-28,4,477.0,1.0
1588,2022-05-20,7,576.0,1.0
1589,2022-02-08,4,478.0,1.0
1590,2021-12-28,8,214.0,1.0
1591,2022-01-19,10,539.0,1.0
1592,2022-05-07,4,578.0,1.0
1593,2021-09-03,9,362.0,1.0
1594,2022-04-10,4,528.0,1.0
1595,2021-09-17,4,464.0,1.0
1596,2022-03-27,10,214.0,1.0
1597,2021-12-16,10,484.0,1.0
1598,2022-04-26,1,220.0,1.0
1599,2022-02-27,9,478.0,1.0
1600,2022-01-11,4,529.0,1.0
1601,2021-08-03,6,537.0,1.0
1602,2022-05-16,9,488.0,1.0
1603,2022-06-15,10,478.0,1.0
1604,2022-06-27,4,478.0,1.0
1605,2021-12-12,8,478.0,1.0
1606,2022-03-29,10,214.0,1.0
1607,2022-06-22,4,529.0,1.0
1608,2022-01-27,6,485.0,1.0
1609,2022-06-08,8,605.0,1.0
1610,2022-03-18,9,538.0,1.0
1611,2022-01-03,6,477.0,1.0
1612,2022-03-19,1,528.0,1.0
1613,2021-09-23,8,491.0,1.0
1614,2021-01-10,9,381.0,1.0
1615,2022-05-30,9,480.0,1.0
1616,2021-07-08,9,478.0,1.0
1617,2022-01-22,8,529.0,1.0
1618,2022-06-30,10,223.0,1.0
1619,2022-06-20,8,586.0,1.0
1620,2022-02-28,7,536.0,1.0
1621,2022-05-21,1,358.0,1.0
1622,2022-05-25,7,466.0,1.0
1623,2022-04-01,4,354.0,1.0
1624,2022-06-26,1,472.0,1.0
1625,2021-12-19,10,356.0,1.0
1626,2022-03-19,4,477.0,1.0
1627,2022-03-20,7,360.0,1.0
1628,2021-12-15,7,489.0,1.0
1629,2020-06-20,9,347.0,1.0
1630,2022-05-06,4,477.0,1.0
1631,2022-06-28,7,575.0,1.0
1632,2021-09-29,10,540.0,1.0
1633,2022-04-01,6,229.0,1.0
1634,2022-01-28,4,485.0,1.0
1635,2022-03-09,7,214.0,1.0
1636,2021-06-15,4,332.0,1.0
1637,2022-04-09,7,220.0,1.0
1638,2021-05-01,9,352.0,1.0
1639,2022-01-21,10,479.0,1.0
1640,2022-03-21,6,538.0,1.0
1641,2022-04-18,10,577.0,1.0
1642,2022-05-02,4,214.0,1.0
1643,,4,477.0,2.0
1644,2021-07-02,9,375.0,1.0
1645,2021-09-26,9,488.0,1.0
1646,2021-09-08,9,538.0,1.0
1647,2021-11-25,6,528.0,1.0
1648,2021-10-31,8,584.0,1.0
1649,2021-12-28,4,214.0,1.0
1650,2021-11-26,7,479.0,1.0
1651,2022-04-08,10,215.0,1.0
1652,,4,479.0,1.0
1653,2022-02-04,8,480.0,2.0
1654,2021-12-31,8,580.0,1.0
1655,2022-06-17,9,489.0,1.0
1656,2021-12-24,1,539.0,1.0
1657,2021-11-18,8,541.0,1.0
1658,2021-07-11,8,232.0,1.0
1659,2022-05-06,7,528.0,1.0
1660,2021-12-15,9,535.0,
1661,2021-08-15,1,529.0,1.0
1662,2021-09-23,6,464.0,1.0
1663,2021-08-07,6,480.0,1.0
1664,2022-06-26,1,472.0,1.0
1665,2022-01-17,9,485.0,1.0
1666,2021-04-25,1,320.0,1.0
1667,2021-10-01,10,477.0,1.0
1668,2021-08-24,1,535.0,1.0
1669,2022-06-22,4,529.0,1.0
1670,2022-02-28,9,482.0,1.0
1671,2021-07-15,10,484.0,1.0
1672,2022-06-10,1,466.0,1.0
1673,2022-02-05,4,541.0,1.0
1674,2021-12-03,6,464.0,1.0
1675,2022-05-26,8,539.0,1.0
1676,2021-11-09,9,477.0,1.0
1677,2022-05-15,9,214.0,1.0
1678,2022-05-01,1,485.0,1.0
1679,2020-04-25,4,324.0,1.0
1680,2020-02-24,8,314.0,1.0
1681,2021-08-25,4,215.0,1.0
1682,2022-02-01,1,477.0,1.0
1683,2021-09-16,6,478.0,2.0
1684,2021-11-15,4,560.0,1.0
1685,2021-02-22,8,369.0,1.0
1686,2022-06-10,1,466.0,1.0
1687,2021-12-16,9,385.0,1.0
1688,2021-11-07,4,477.0,2.0
1689,2022-01-14,6,485.0,1.0
1690,2022-06-28,7,575.0,1.0
1691,2021-09-28,6,528.0,1.0
1692,2022-04-26,9,488.0,1.0
1693,2021-12-05,9,477.0,1.0
1694,2021-10-10,9,478.0,1.0
1695,2022-02-15,4,223.0,1.0
1696,2021-11-05,1,478.0,1.0
1697,2021-11-05,10,529.0,1.0
1698,2022-04-25,9,538.0,1.0
1699,2022-06-22,9,584.0,1.0
1700,2022-06-30,10,223.0,1.0
1701,2021-10-09,7,530.0,1.0
1702,2021-10-12,10,215.0,1.0
1703,2021-10-09,4,223.0,1.0
1704,2022-05-31,9,484.0,1.0
1705,2021-07-16,1,223.0,1.0
1706,2021-12-28,9,562.0,1.0
1707,2022-01-12,4,484.0,1.0
1708,2021-08-07,6,480.0,1.0
1709,2022-03-08,8,215.0,1.0
1710,2021-10-12,6,476.0,1.0
1711,2022-03-23,8,536.0,1.0
1712,2021-07-15,7,483.0,1.0
1713,2021-10-16,10,381.0,1.0
1714,2020-10-12,9,379.0,1.0
1715,2022-01-11,7,478.0,1.0
1716,2020-12-12,9,362.0,1.0
1717,2022-04-04,8,360.0,1.0
1718,2022-06-10,1,466.0,1.0
1719,2021-04-04,7,387.0,1.0
1720,2021-12-04,8,477.0,1.0
1721,2022-01-26,6,477.0,1.0
1722,2021-08-31,9,480.0,1.0
1723,2021-10-01,10,358.0,1.0
1724,2021-07-08,9,487.0,1.0
1725,2021-09-12,4,214.0,1.0
1726,2021-09-09,7,478.0,1.0
1727,2021-11-28,1,483.0,1.0
1728,2021-08-19,8,223.0,1.0
1729,2022-06-10,4,477.0,1.0
1730,2022-05-25,10,564.0,1.0
1731,2022-02-11,6,478.0,2.0
1732,2022-02-18,4,220.0,1.0
1733,2022-06-15,1,223.0,1.0
1734,2021-10-15,10,352.0,1.0
1735,2022-05-26,10,235.0,1.0
1736,2022-04-25,9,538.0,1.0
1737,2022-02-17,4,214.0,1.0
1738,2022-02-07,8,562.0,1.0
1739,2021-09-16,1,537.0,1.0
1740,2021-09-06,4,478.0,1.0
1741,2022-03-11,4,485.0,1.0
1742,2021-08-05,4,484.0,1.0
1743,2020-04-15,9,312.0,1.0
1744,2022-04-03,9,235.0,1.0
1745,2021-09-18,9,529.0,1.0
1746,2021-11-03,4,474.0,1.0
1747,2022-03-28,7,362.0,1.0
1748,2022-03-01,8,582.0,1.0
1749,2021-11-19,4,541.0,1.0
1750,2022-06-15,8,485.0,1.0
1751,2021-12-30,1,215.0,1.0
1752,2021-10-30,4,537.0,1.0
1753,2021-09-09,7,478.0,1.0
1754,2022-06-20,8,586.0,1.0
1755,2021-01-23,4,332.0,1.0
1756,2021-08-15,6,478.0,1.0
1757,2022-06-07,9,538.0,1.0
1758,2021-11-01,6,528.0,1.0
1759,,9,215.0,1.0
1760,2022-05-06,7,220.0,1.0
1761,2022-03-07,4,491.0,1.0
1762,2021-09-04,6,477.0,
1763,2022-04-10,4,528.0,1.0
1764,2021-11-02,7,477.0,1.0
1765,2022-06-28,1,480.0,1.0
1766,2022-03-01,1,480.0,1.0
1767,2022-04-18,10,577.0,1.0
1768,2022-02-12,10,479.0,1.0
1769,,4,606.0,1.0
1770,,4,477.0,1.0
1771,2022-05-11,1,223.0,1.0
1772,2022-02-16,8,538.0,1.0
1773,2020-04-07,9,351.0,1.0
1774,2021-08-07,9,375.0,1.0
1775,2022-03-17,4,535.0,1.0
1776,2021-08-23,10,362.0,1.0
1777,2021-12-20,6,478.0,1.0
1778,2021-08-24,4,478.0,1.0
1779,2022-03-07,1,223.0,1.0
1780,2021-12-15,9,535.0,
1781,2022-02-27,1,538.0,1.0
1782,2021-08-11,9,528.0,1.0
1783,2021-11-24,1,528.0,1.0
1784,2022-01-19,10,539.0,1.0
1785,2021-08-08,10,371.0,1.0
1786,2021-03-24,7,330.0,1.0
1787,2022-06-24,1,480.0,1.0
1788,2022-03-28,4,214.0,1.0
1789,2022-03-04,6,528.0,1.0
1790,2021-12-28,4,214.0,1.0
1791,2022-05-12,4,229.0,1.0
1792,2022-01-19,10,539.0,1.0
1793,2021-08-30,1,480.0,2.0
1794,2021-12-08,10,462.0,1.0
1795,2022-03-27,4,479.0,1.0
1796,2022-01-17,6,477.0,1.0
1797,,4,477.0,1.0
1798,2022-02-13,9,214.0,1.0
1799,2022-03-27,7,472.0,1.0
1800,2022-04-27,4,529.0,1.0
1801,2022-01-11,10,464.0,1.0
1802,2021-10-07,10,235.0,1.0
1803,2021-08-24,1,486.0,1.0
1804,2021-11-15,4,560.0,1.0
1805,2022-05-24,6,528.0,1.0
1806,2021-11-14,7,215.0,1.0
1807,2021-12-01,7,586.0,1.0
1808,2021-10-09,7,530.0,1.0
1809,2022-01-02,4,215.0,1.0
1810,2022-01-08,8,485.0,1.0
1811,2021-08-30,1,480.0,2.0
1812,2022-05-24,1,462.0,1.0
1813,2022-06-26,6,477.0,1.0
1814,2021-11-18,7,220.0,1.0
1815,2021-07-15,7,483.0,1.0
1816,2021-09-14,10,537.0,1.0
1817,2021-08-24,6,478.0,1.0
1818,2021-07-31,4,540.0,1.0
1819,2022-05-06,4,477.0,1.0
1820,2022-03-17,9,541.0,1.0
1821,2022-06-28,1,214.0,1.0
1822,2022-04-06,4,223.0,2.0
1823,2021-11-26,4,529.0,1.0
1824,2020-04-21,9,312.0,1.0
1825,2022-01-11,9,484.0,1.0
1826,2021-12-26,6,528.0,1.0
1827,2021-10-12,6,476.0,1.0
1828,2022-06-07,4,485.0,1.0
1829,2022-05-09,1,484.0,1.0
1830,2020-12-12,9,362.0,1.0
1831,2021-10-25,9,477.0,1.0
1832,2022-06-10,1,581.0,1.0
1833,2022-04-29,4,528.0,1.0
1834,2022-01-28,8,477.0,1.0
1835,2022-03-20,10,538.0,1.0
1836,2022-02-23,9,539.0,1.0
1837,2022-04-28,9,377.0,1.0
1838,2021-08-14,8,530.0,1.0
1839,2021-08-30,7,539.0,1.0
1840,2022-05-16,6,537.0,1.0
1841,2022-05-31,6,535.0,1.0
1842,2021-11-22,4,485.0,1.0
1843,2022-05-09,9,537.0,1.0
1844,2022-03-29,6,480.0,1.0
1845,2021-12-14,6,220.0,1.0
1846,2022-05-31,6,535.0,1.0
1847,2022-06-16,10,466.0,1.0
1848,,7,477.0,1.0
1849,2022-01-08,10,535.0,1.0
1850,2021-12-07,7,220.0,1.0
1851,2022-05-14,4,485.0,1.0
1852,2021-11-02,9,214.0,1.0
1853,2022-02-12,1,477.0,1.0
1854,2021-11-13,1,562.0,1.0
1855,2021-05-26,7,360.0,1.0
1856,2021-10-23,1,223.0,1.0
1857,2022-04-14,10,529.0,1.0
1858,2022-06-30,10,477.0,1.0
1859,2022-05-24,1,462.0,1.0
1860,2021-08-15,1,536.0,1.0
1861,2021-09-03,6,574.0,1.0
1862,2020-02-19,9,311.0,1.0
1863,2022-02-14,9,477.0,1.0
1864,2021-12-11,9,477.0,1.0
1865,2022-03-22,1,478.0,1.0
1866,2022-06-22,6,488.0,1.0
1867,2021-11-30,4,214.0,1.0
1868,2022-06-11,7,485.0,1.0
1869,2022-02-06,10,487.0,1.0
1870,2022-03-27,4,479.0,1.0
1871,2022-04-06,1,477.0,1.0
1872,2021-12-18,1,358.0,1.0
1873,2020-04-16,9,349.0,1.0
1874,2021-12-15,10,480.0,1.0
1875,2021-10-11,1,580.0,1.0
1876,2021-08-31,9,480.0,1.0
1877,2021-07-30,8,604.0,1.0
1878,2021-10-28,10,471.0,1.0
1879,2020-04-10,9,326.0,1.0
1880,2021-08-01,9,486.0,1.0
1881,2022-05-29,9,462.0,1.0
1882,2021-03-12,1,336.0,1.0
1883,2022-04-28,8,528.0,1.0
1884,2021-09-03,9,362.0,1.0
1885,2022-05-14,6,485.0,1.0
1886,2022-05-15,6,235.0,1.0
1887,2022-01-10,6,536.0,1.0
1888,2022-06-09,9,471.0,1.0
1889,2021-08-24,4,480.0,1.0
1890,2020-07-03,4,373.0,1.0
1891,2022-01-14,1,358.0,1.0
1892,2021-07-29,9,487.0,1.0
1893,2022-04-15,7,477.0,1.0
1894,2022-05-30,9,220.0,1.0
1895,2022-05-24,8,536.0,1.0
1896,2021-12-17,10,477.0,1.0
1897,2022-03-05,9,223.0,1.0
1898,2022-05-27,1,528.0,1.0
1899,2022-02-24,1,530.0,1.0
1900,2021-10-04,4,479.0,1.0
1901,2022-02-14,6,535.0,1.0
1902,2022-04-07,8,214.0,1.0
1903,2022-05-08,4,476.0,1.0
1904,2022-04-08,9,488.0,1.0
1905,2022-04-03,4,491.0,1.0
1906,2021-08-24,9,214.0,1.0
1907,2021-08-05,6,220.0,1.0
1908,2022-03-21,1,604.0,1.0
1909,2022-06-07,4,485.0,1.0
1910,2022-05-25,10,564.0,1.0
1911,2021-10-26,8,478.0,1.0
1912,2022-04-17,8,472.0,1.0
1913,2022-06-07,6,235.0,1.0
1914,2021-09-20,10,538.0,1.0
1915,2021-08-14,7,538.0,1.0
1916,2020-05-30,1,313.0,1.0
1917,2021-09-30,8,538.0,1.0
1918,2022-06-25,7,223.0,1.0
1919,2022-06-07,4,485.0,1.0
1920,2022-05-03,9,529.0,1.0
1921,2021-12-09,8,479.0,1.0
1922,2020-12-04,4,324.0,1.0
1923,2021-07-15,10,484.0,1.0
1924,2021-09-21,7,529.0,1.0
1925,2022-04-04,8,477.0,1.0
1926,2022-02-22,4,232.0,1.0
1927,2022-02-12,10,479.0,1.0
1928,2020-04-29,9,348.0,1.0
1929,2022-02-24,8,599.0,1.0
1930,2022-02-12,4,480.0,1.0
1931,2021-10-29,6,541.0,1.0
1932,2021-11-30,7,476.0,1.0
1933,2022-04-04,7,,1.0
1934,2022-02-20,1,371.0,1.0
1935,2021-08-24,4,478.0,1.0
1936,2022-06-12,10,477.0,1.0
1937,2022-03-01,9,220.0,1.0
1938,2021-05-23,8,328.0,1.0
1939,2021-09-26,1,483.0,1.0
1940,2022-03-26,7,223.0,1.0
1941,2022-04-23,8,538.0,1.0
1942,2022-01-22,6,535.0,1.0
1943,2022-05-09,4,220.0,1.0
1944,2022-04-24,4,477.0,1.0
1945,2021-11-24,10,358.0,1.0
1946,2021-09-06,4,478.0,1.0
1947,2021-09-23,8,491.0,1.0
1948,2022-04-25,6,464.0,1.0
1949,2022-05-07,7,538.0,1.0
1950,2021-12-05,4,528.0,1.0
1951,2022-01-27,6,485.0,1.0
1952,2021-09-07,9,358.0,1.0
1953,2022-01-09,9,214.0,1.0
1954,2022-03-04,4,479.0,1.0
1955,2022-02-19,4,528.0,1.0
1956,2022-04-18,10,479.0,1.0
1957,2022-06-13,9,215.0,1.0
1958,2022-06-07,9,537.0,1.0
1959,2022-02-24,8,588.0,1.0
1960,2021-06-10,4,356.0,1.0
1961,2021-05-03,9,370.0,1.0
1962,2022-02-17,4,605.0,2.0
1963,2021-11-02,6,360.0,1.0
1964,2022-04-06,1,477.0,1.0
1965,2022-03-04,4,479.0,1.0
1966,2021-09-26,9,488.0,1.0
1967,2021-08-12,4,535.0,1.0
1968,2022-01-20,10,573.0,1.0
1969,2020-12-12,9,362.0,1.0
1970,2021-10-27,6,220.0,1.0
1971,2022-05-30,9,582.0,1.0
1972,2022-02-23,10,477.0,1.0
1973,2022-06-26,7,529.0,1.0
1974,2021-11-05,10,529.0,1.0
1975,2022-01-13,4,529.0,1.0
1976,2022-03-25,9,477.0,1.0
1977,2021-12-03,1,535.0,1.0
1978,2021-09-30,1,471.0,1.0
1979,2021-10-01,10,477.0,1.0
1980,2022-04-24,7,215.0,1.0
1981,2021-07-03,9,479.0,1.0
1982,2022-06-14,10,477.0,1.0
1983,2022-01-15,8,530.0,1.0
1984,2021-10-11,9,530.0,1.0
1985,2022-02-07,1,582.0,1.0
1986,2022-06-15,1,223.0,1.0
1987,2021-12-28,4,214.0,1.0
1988,2020-05-22,9,314.0,1.0
1989,2022-05-20,1,471.0,1.0
1990,2021-08-25,9,540.0,1.0
1991,2021-01-10,9,381.0,1.0
1992,2021-09-23,10,541.0,1.0
1993,2022-05-19,9,214.0,1.0
1994,2022-03-03,1,540.0,1.0
1995,2022-01-22,10,215.0,1.0
1996,2021-11-09,9,477.0,1.0
1997,2021-09-04,6,477.0,
1998,2022-05-24,7,573.0,1.0
1999,2021-09-15,10,530.0,1.0
2000,2022-03-31,4,528.0,1.0
2001,2022-04-07,10,530.0,1.0
2002,2022-01-13,9,473.0,1.0
2003,2021-08-02,9,539.0,1.0
2004,2021-08-27,6,477.0,1.0
2005,2022-01-31,6,537.0,1.0
2006,2022-01-02,4,479.0,1.0
2007,2021-05-03,9,370.0,1.0
2008,2022-06-29,4,356.0,1.0
2009,2022-02-17,4,605.0,2.0
2010,2021-01-16,7,371.0,1.0
2011,2021-01-10,9,381.0,1.0
2012,2022-01-18,4,487.0,1.0
2013,2022-01-03,8,480.0,1.0
2014,2021-07-28,8,485.0,1.0
2015,2021-09-07,4,220.0,1.0
2016,2022-03-09,1,352.0,1.0
2017,2021-10-06,9,223.0,1.0
2018,2021-11-02,4,215.0,1.0
2019,2021-11-03,9,489.0,1.0
2020,2022-01-26,7,537.0,1.0
2021,2021-09-15,10,529.0,1.0
2022,2021-12-20,10,575.0,1.0
2023,2022-02-20,1,371.0,1.0
2024,2022-01-15,9,360.0,1.0
2025,2022-06-29,4,587.0,1.0
2026,2022-02-07,9,472.0,1.0
2027,2022-01-15,9,488.0,1.0
2028,2021-11-03,8,375.0,1.0
2029,2021-12-30,1,535.0,1.0
2030,2021-08-30,1,480.0,2.0
2031,2021-12-26,9,387.0,1.0
2032,2021-12-19,8,220.0,1.0
2033,2021-09-20,10,477.0,1.0
2034,2022-01-05,1,479.0,1.0
2035,2020-04-07,9,311.0,1.0
2036,2022-04-10,9,484.0,1.0
2037,2021-12-25,10,232.0,1.0
2038,2022-06-23,9,562.0,1.0
2039,2021-12-15,8,528.0,1.0
2040,2022-03-29,4,475.0,1.0
2041,2021-12-24,6,462.0,1.0
2042,2022-03-28,4,537.0,1.0
2043,2021-11-28,9,215.0,1.0
2044,2021-11-12,8,477.0,1.0
2045,2022-03-01,8,582.0,1.0
2046,2022-06-16,8,480.0,1.0
2047,2022-05-16,6,480.0,1.0
2048,2020-09-10,1,354.0,1.0
2049,2022-04-10,6,220.0,1.0
2050,2020-04-07,9,311.0,1.0
2051,2022-06-25,9,484.0,1.0
2052,2021-09-20,6,479.0,1.0
2053,,6,537.0,1.0
2054,2022-03-01,10,485.0,1.0
2055,2022-06-03,10,537.0,1.0
2056,2021-08-10,7,477.0,1.0
2057,2021-08-25,7,529.0,1.0
2058,2022-05-22,4,214.0,1.0
2059,2022-05-25,1,474.0,1.0
2060,2021-11-24,1,220.0,1.0
2061,2020-11-27,10,320.0,1.0
2062,2021-11-05,9,480.0,1.0
2063,2021-10-22,7,605.0,1.0
2064,2022-04-23,8,538.0,1.0
2065,2022-01-19,9,214.0,1.0
2066,2022-06-07,1,462.0,1.0
2067,2021-12-04,1,539.0,1.0
2068,2022-04-05,7,539.0,1.0
2069,2022-04-11,1,537.0,1.0
2070,2022-06-23,6,528.0,1.0
2071,2021-09-11,10,389.0,1.0
2072,2021-09-25,7,528.0,1.0
2073,2020-03-28,9,314.0,1.0
2074,2022-05-12,4,229.0,1.0
2075,2021-11-18,10,529.0,1.0
2076,2022-05-16,9,214.0,1.0
2077,2022-04-27,1,480.0,1.0
2078,2022-05-10,4,385.0,1.0
2079,2022-02-01,1,600.0,1.0
2080,2022-04-18,7,464.0,1.0
2081,2022-05-20,1,471.0,1.0
2082,2021-08-30,4,464.0,1.0
2083,2021-07-23,10,220.0,1.0
2084,2021-12-12,7,530.0,1.0
2085,2021-07-25,9,537.0,1.0
2086,2020-08-14,6,377.0,1.0
2087,2022-03-22,6,538.0,1.0
2088,2021-12-05,9,477.0,1.0
2089,2022-03-01,8,582.0,1.0
2090,2022-01-17,9,485.0,1.0
2091,2022-06-21,8,536.0,1.0
2092,2021-08-27,6,477.0,1.0
2093,2022-05-25,9,488.0,1.0
2094,2022-01-22,9,477.0,1.0
2095,2021-08-24,10,480.0,1.0
2096,2022-06-23,9,563.0,1.0
2097,2022-01-18,1,528.0,1.0
2098,2021-07-11,4,477.0,1.0
2099,2022-03-15,6,480.0,1.0
2100,2022-03-23,4,477.0,1.0
2101,2022-01-10,1,220.0,1.0
2102,2022-02-14,4,530.0,1.0
2103,2022-02-24,7,540.0,1.0
2104,2021-10-12,6,476.0,1.0
2105,2022-04-06,4,223.0,2.0
2106,2022-05-26,10,530.0,1.0
2107,2021-12-16,9,385.0,1.0
2108,2022-04-29,1,541.0,1.0
2109,2022-01-09,9,214.0,1.0
2110,2021-10-10,4,464.0,1.0
2111,2022-06-26,9,538.0,1.0
2112,2022-05-24,8,536.0,1.0
2113,2022-05-16,9,487.0,1.0
2114,2021-08-24,1,535.0,1.0
2115,2022-06-06,6,476.0,1.0
2116,2021-11-15,1,480.0,1.0
2117,2022-06-11,4,479.0,1.0
2118,2022-06-02,6,477.0,1.0
2119,2022-03-11,6,214.0,1.0
2120,2022-05-05,4,483.0,1.0
2121,2021-10-09,10,480.0,1.0
2122,2021-10-12,9,360.0,1.0
2123,2021-07-13,9,371.0,1.0
2124,2022-04-25,10,481.0,1.0
2125,2021-09-16,6,478.0,2.0
2126,2022-05-23,1,606.0,1.0
2127,2022-05-26,10,220.0,1.0
2128,2022-04-17,1,539.0,1.0
2129,2021-11-07,4,477.0,2.0
2130,2022-03-11,4,478.0,1.0
2131,2022-03-29,6,480.0,1.0
2132,2022-05-23,1,606.0,1.0
2133,2022-03-17,9,541.0,1.0
2134,2021-11-10,1,362.0,1.0
2135,2021-09-23,8,491.0,1.0
2136,2021-11-07,6,478.0,1.0
2137,2021-12-12,4,220.0,1.0
2138,2020-08-15,1,377.0,1.0
2139,2021-09-23,8,491.0,1.0
2140,2021-09-20,10,538.0,1.0
2141,2022-03-29,1,475.0,1.0
2142,2021-08-02,4,477.0,1.0
2143,2022-05-28,7,371.0,1.0
2144,2022-01-27,1,472.0,1.0
2145,2022-02-04,8,480.0,2.0
2146,2022-01-21,7,214.0,1.0
2147,2021-12-15,6,577.0,1.0
2148,2022-03-31,4,528.0,1.0
2149,2021-12-05,4,214.0,1.0
2150,2022-03-12,4,232.0,1.0
2151,2020-12-10,9,334.0,1.0
2152,,7,477.0,1.0
2153,2021-12-05,10,214.0,1.0
2154,2022-04-03,9,564.0,1.0
2155,2022-05-26,7,478.0,1.0
2156,2021-10-09,7,530.0,1.0
2157,2021-11-02,10,385.0,1.0
2158,2021-12-30,7,229.0,1.0
2159,2022-06-17,1,354.0,1.0
2160,2022-04-23,9,480.0,1.0
2161,2022-01-11,7,220.0,1.0
2162,2022-04-01,6,229.0,1.0
2163,2022-03-07,4,535.0,1.0
2164,2021-09-26,9,488.0,1.0
2165,2021-02-25,9,370.0,1.0
2166,2021-09-23,8,491.0,1.0
2167,2022-02-08,4,215.0,1.0
2168,2022-04-01,8,383.0,1.0
2169,2022-05-19,4,223.0,1.0
2170,2022-03-29,1,220.0,1.0
2171,2022-03-21,1,540.0,1.0
2172,2022-04-10,4,528.0,1.0
2173,2022-04-25,7,484.0,1.0
2174,2022-01-31,4,477.0,1.0
2175,2022-02-14,4,530.0,1.0
2176,2021-12-30,7,229.0,1.0
2177,2020-04-30,8,330.0,1.0
2178,2022-06-03,7,538.0,1.0
2179,2022-04-06,8,605.0,1.0
2180,2022-05-04,8,571.0,1.0
2181,2022-01-17,4,214.0,1.0
2182,2022-01-01,9,477.0,1.0
2183,2022-02-24,6,475.0,1.0
2184,2022-01-11,9,576.0,1.0
2185,2021-09-23,10,541.0,1.0
2186,2022-06-18,10,535.0,1.0
2187,2022-05-05,1,483.0,1.0
2188,2021-10-26,1,528.0,1.0
2189,2022-04-30,1,480.0,1.0
2190,2020-10-27,6,368.0,1.0
2191,2022-03-28,4,537.0,1.0
2192,2021-09-08,6,475.0,1.0
2193,2021-12-04,9,529.0,1.0
2194,2022-02-15,4,541.0,1.0
2195,2021-11-27,6,528.0,1.0
2196,2022-06-23,9,563.0,1.0
2197,,4,606.0,1.0
2198,2022-06-19,7,462.0,1.0
2199,2021-10-04,6,480.0,1.0
2200,2022-05-06,7,220.0,1.0
2201,2022-01-17,8,484.0,1.0
2202,2022-01-04,9,484.0,1.0
2203,2022-01-11,9,477.0,1.0
2204,2021-11-09,1,478.0,1.0
2205,2021-08-14,8,226.0,1.0
2206,2022-05-29,9,220.0,1.0
2207,2021-12-07,9,564.0,1.0
2208,2021-10-11,4,528.0,1.0
2209,2021-10-10,4,537.0,1.0
2210,2022-05-29,9,462.0,1.0
2211,2022-02-06,1,485.0,1.0
2212,2022-03-04,6,232.0,1.0
2213,2022-03-28,9,223.0,1.0
2214,2021-08-15,1,536.0,1.0
2215,,9,488.0,1.0
2216,2022-01-03,7,540.0,1.0
2217,2022-02-05,4,541.0,1.0
2218,2022-05-01,4,360.0,1.0
2219,2022-05-29,10,485.0,1.0
2220,2021-12-24,1,480.0,1.0
2221,2021-09-13,4,358.0,1.0
2222,2022-05-27,8,229.0,1.0
2223,2022-04-15,7,489.0,1.0
2224,2022-05-22,4,487.0,1.0
2225,2021-08-31,1,568.0,1.0
2226,2021-06-10,4,356.0,1.0
2227,2021-11-04,4,,1.0
2228,2021-10-09,7,229.0,1.0
2229,2021-10-25,9,481.0,1.0
2230,2021-12-20,6,478.0,1.0
2231,2022-05-24,6,362.0,1.0
2232,2022-06-25,7,529.0,1.0
2233,2021-10-29,8,235.0,1.0
2234,2021-11-09,9,477.0,1.0
2235,2021-09-05,1,477.0,1.0
2236,2021-10-02,1,535.0,1.0
2237,2022-01-31,8,479.0,1.0
2238,2022-06-28,1,480.0,1.0
2239,2022-04-26,9,488.0,1.0
2240,2021-12-10,7,537.0,1.0
2241,2021-12-01,1,215.0,1.0
2242,2020-05-07,9,351.0,1.0
2243,2021-08-24,1,486.0,1.0
2244,2021-12-01,8,477.0,1.0
2245,2022-06-14,4,462.0,1.0
2246,2022-03-08,10,606.0,1.0
2247,2022-06-30,9,477.0,1.0
2248,2021-12-24,9,530.0,1.0
2249,2021-09-09,7,477.0,1.0
2250,2022-04-05,7,539.0,1.0
2251,2021-12-07,4,540.0,1.0
2252,2021-08-02,9,539.0,1.0
2253,2022-02-18,4,220.0,1.0
2254,2021-11-13,1,562.0,1.0
2255,2021-12-06,6,485.0,1.0
2256,2022-05-04,7,539.0,1.0
2257,2022-06-21,9,462.0,1.0
2258,2022-05-31,6,535.0,1.0
2259,2022-04-05,6,480.0,1.0
2260,2021-10-22,7,605.0,1.0
2261,2021-11-01,6,528.0,1.0
2262,2022-04-18,1,383.0,1.0
2263,2022-05-22,4,478.0,1.0
2264,2022-03-16,9,489.0,1.0
2265,2021-11-03,4,541.0,1.0
2266,2022-06-22,6,220.0,1.0
2267,2022-04-23,6,220.0,1.0
2268,2021-11-30,1,476.0,1.0
2269,2021-09-12,4,214.0,1.0
2270,2022-02-14,6,535.0,1.0
2271,2022-01-28,1,537.0,1.0
2272,2021-10-13,9,223.0,1.0
2273,2022-02-01,1,480.0,1.0
2274,2021-08-29,7,529.0,1.0
2275,2022-04-21,4,235.0,1.0
2276,2022-04-06,4,223.0,2.0
2277,2022-03-03,1,215.0,1.0
2278,2021-09-23,8,491.0,1.0
2279,2022-04-08,4,476.0,1.0
2280,2022-06-12,10,477.0,1.0
2281,2021-07-26,9,487.0,1.0
2282,2021-12-31,4,537.0,1.0
2283,2021-08-02,9,539.0,1.0
2284,2022-01-17,9,477.0,1.0
2285,2022-02-12,6,485.0,1.0
2286,2021-09-12,4,214.0,1.0
2287,2022-02-08,7,215.0,1.0
2288,2022-06-19,7,462.0,1.0
2289,2022-05-12,4,229.0,1.0
2290,2022-04-18,7,464.0,1.0
2291,2022-03-16,4,587.0,1.0
2292,2021-01-31,4,360.0,1.0
2293,2022-02-06,1,485.0,1.0
2294,2022-06-21,10,477.0,1.0
2295,2022-01-17,4,528.0,1.0
2296,2022-02-05,6,214.0,1.0
2297,2021-08-31,9,480.0,1.0
2298,2022-03-18,7,477.0,1.0
2299,2021-12-15,1,478.0,1.0
2300,2021-07-14,4,605.0,1.0
2301,2020-05-16,6,313.0,1.0
2302,2021-10-12,9,360.0,1.0
2303,2021-06-10,4,356.0,1.0
2304,2021-09-16,1,537.0,1.0
2305,2022-04-27,4,529.0,1.0
2306,2021-12-29,1,528.0,1.0
2307,2022-02-05,4,541.0,1.0
2308,2021-07-29,10,480.0,1.0
2309,2022-01-28,1,537.0,1.0
2310,2022-04-01,6,229.0,1.0
2311,2022-05-20,1,471.0,1.0
2312,2022-04-11,7,479.0,1.0
2313,2022-06-21,9,477.0,1.0
2314,2021-11-30,9,606.0,1.0
2315,2022-02-11,6,478.0,2.0
2316,2021-12-19,10,356.0,1.0
2317,2021-12-05,8,385.0,1.0
2318,2021-09-14,10,576.0,1.0
2319,2022-06-28,7,575.0,1.0
2320,2022-01-17,4,220.0,1.0
2321,2020-07-03,4,373.0,1.0
2322,2022-04-25,1,485.0,1.0
2323,2021-07-15,7,540.0,1.0
2324,2021-09-12,6,536.0,1.0
2325,2022-06-12,9,214.0,1.0
2326,2022-03-28,4,537.0,1.0
2327,2022-03-04,9,528.0,1.0
2328,,10,565.0,1.0
2329,2021-12-25,9,530.0,1.0
2330,2020-12-12,8,377.0,1.0
2331,2022-04-30,1,480.0,1.0
2332,2022-01-10,6,538.0,1.0
2333,2022-04-25,9,538.0,1.0
2334,2022-03-18,7,538.0,1.0
2335,2022-01-15,9,360.0,1.0
2336,2022-04-07,10,528.0,1.0
2337,2022-01-13,4,529.0,1.0
2338,2021-11-15,4,478.0,1.0
2339,2021-09-04,10,484.0,1.0
2340,2022-01-12,9,473.0,1.0
2341,2022-03-27,6,477.0,1.0
2342,2021-12-30,4,381.0,1.0
2343,2020-09-10,1,354.0,1.0
2344,2021-11-18,1,479.0,1.0
2345,2021-10-19,9,354.0,1.0
2346,2022-01-30,9,462.0,1.0
2347,2021-11-15,4,478.0,1.0
2348,2021-08-10,9,220.0,1.0
2349,2021-09-03,9,480.0,1.0
2350,2022-03-27,4,479.0,1.0
2351,2021-12-30,6,482.0,1.0
2352,2021-11-20,9,487.0,1.0
2353,2022-02-08,4,478.0,1.0
2354,2021-12-15,6,577.0,1.0
2355,2021-11-07,9,477.0,1.0
2356,2021-12-03,6,464.0,1.0
2357,2020-04-20,9,310.0,1.0
2358,2021-10-02,1,480.0,1.0
2359,2022-03-26,8,485.0,1.0
2360,2021-10-14,9,477.0,1.0
2361,2021-05-21,4,371.0,1.0
2362,2022-06-28,10,477.0,1.0
2363,2021-12-19,9,576.0,1.0
2364,2021-11-06,1,485.0,1.0
2365,2022-01-21,7,214.0,1.0
2366,2021-08-12,10,464.0,1.0
2367,2022-01-06,9,385.0,1.0
2368,2021-02-25,9,370.0,1.0
2369,2020-12-06,10,360.0,1.0
2370,2022-02-14,9,477.0,1.0
2371,2021-12-15,8,528.0,1.0
2372,2022-06-24,1,479.0,1.0
2373,2021-12-12,8,478.0,1.0
2374,2021-11-28,9,589.0,1.0
2375,2020-12-10,9,334.0,1.0
2376,2021-07-28,7,377.0,1.0
2377,2020-03-22,4,311.0,1.0
2378,2021-09-04,7,528.0,1.0
2379,2021-09-26,9,488.0,1.0
2380,2020-01-18,9,312.0,1.0
2381,2022-06-27,4,537.0,1.0
2382,2021-11-25,6,528.0,1.0
2383,2022-06-13,9,215.0,1.0
2384,2022-03-02,4,528.0,1.0
2385,2021-08-17,9,529.0,1.0
2386,2022-04-14,10,590.0,1.0
2387,2021-09-22,4,535.0,1.0
2388,2022-03-21,9,220.0,1.0
2389,2022-03-26,4,483.0,1.0
2390,2021-10-22,1,605.0,1.0
2391,2021-09-04,6,477.0,
2392,2022-05-05,1,483.0,1.0
2393,2022-03-17,9,541.0,1.0
2394,2022-03-21,1,540.0,1.0
2395,2020-03-29,9,311.0,1.0
2396,2021-09-02,7,478.0,1.0
2397,2022-04-25,10,481.0,1.0
2398,2022-01-01,9,477.0,1.0
2399,2020-08-15,1,377.0,1.0
2400,2021-11-14,10,215.0,1.0
2401,2022-01-09,4,479.0,1.0
2402,2021-08-18,7,478.0,1.0
2403,2022-06-24,10,581.0,1.0
2404,2022-04-12,7,575.0,1.0
2405,2020-04-27,1,314.0,1.0
2406,2021-09-16,1,537.0,1.0
2407,2021-11-28,10,477.0,1.0
2408,2021-10-27,6,220.0,1.0
2409,2022-04-06,1,477.0,1.0
2410,2021-09-06,9,480.0,1.0
2411,2022-05-30,4,605.0,1.0
2412,2021-07-30,8,604.0,1.0
2413,2022-01-15,8,530.0,1.0
2414,2020-12-12,9,379.0,1.0
2415,2022-06-07,9,352.0,1.0
2416,2021-07-03,9,354.0,1.0
2417,2022-04-21,4,235.0,1.0
2418,2022-05-25,8,215.0,1.0
2419,2022-03-25,6,214.0,1.0
2420,2022-01-19,10,539.0,1.0
2421,2021-09-12,4,214.0,1.0
2422,2021-10-02,9,215.0,1.0
2423,2022-02-12,9,485.0,1.0
2424,2022-02-14,7,362.0,1.0
2425,2021-11-12,10,541.0,1.0
2426,2022-04-25,1,485.0,1.0
2427,2022-06-25,6,223.0,1.0
2428,2021-12-26,9,387.0,1.0
2429,2022-03-21,7,528.0,1.0
2430,2021-10-09,10,464.0,1.0
2431,2022-03-17,9,541.0,1.0
2432,2022-06-14,10,214.0,1.0
2433,2022-04-08,10,215.0,1.0
2434,2022-04-17,8,605.0,1.0
2435,2022-04-03,9,536.0,1.0
2436,2022-02-06,10,600.0,1.0
2437,2022-05-06,7,220.0,1.0
2438,2020-03-13,9,350.0,1.0
2439,,8,477.0,1.0
2440,2021-10-20,1,535.0,1.0
2441,2022-02-11,6,477.0,1.0
2442,2022-05-20,6,226.0,1.0
2443,2022-04-12,4,530.0,1.0
2444,2021-10-09,4,223.0,1.0
2445,2022-03-23,6,487.0,1.0
2446,2021-11-17,1,480.0,1.0
2447,2021-09-24,1,232.0,1.0
2448,2021-09-20,10,477.0,1.0
2449,2021-10-01,10,528.0,1.0
2450,2021-07-26,9,487.0,1.0
2451,2022-05-11,10,541.0,1.0
2452,2022-05-06,4,215.0,1.0
2453,2021-12-03,6,528.0,1.0
2454,2021-09-21,7,529.0,1.0
2455,2021-12-25,9,530.0,1.0
2456,2021-07-03,9,477.0,1.0
2457,2022-03-13,7,541.0,1.0
2458,2022-05-02,9,480.0,1.0
2459,2022-05-25,9,223.0,1.0
2460,2022-06-06,7,223.0,1.0
2461,2021-08-04,1,478.0,1.0
2462,2022-01-10,1,220.0,1.0
2463,2021-10-22,9,479.0,1.0
2464,,8,477.0,1.0
2465,2022-02-06,4,528.0,1.0
2466,2022-03-03,7,375.0,1.0
2467,2021-09-03,4,466.0,1.0
2468,,9,535.0,1.0
2469,2022-02-11,10,539.0,1.0
2470,2021-10-22,6,530.0,1.0
2471,2021-12-26,1,479.0,1.0
2472,2022-03-03,10,223.0,1.0
2473,2021-09-14,10,576.0,1.0
2474,2022-04-04,7,,1.0
2475,2021-11-14,7,538.0,1.0
2476,2021-08-30,10,530.0,1.0
2477,2022-06-20,1,528.0,1.0
2478,2022-03-17,4,480.0,1.0
2479,2020-12-16,4,377.0,1.0
2480,2022-01-01,9,477.0,1.0
2481,2022-03-01,4,595.0,1.0
2482,2022-04-25,9,479.0,1.0
2483,,7,477.0,1.0
2484,2021-08-15,6,229.0,1.0
2485,2022-05-24,6,528.0,1.0
2486,2021-07-23,10,220.0,1.0
2487,2021-02-20,9,377.0,1.0
2488,2021-12-31,7,477.0,1.0
2489,2022-06-09,7,528.0,1.0
2490,2021-12-15,9,572.0,1.0
2491,2022-02-02,10,538.0,1.0
2492,2021-10-22,9,479.0,1.0
2493,2022-06-26,7,529.0,1.0
2494,2022-02-04,4,529.0,1.0
2495,2021-10-25,9,477.0,1.0
2496,2021-08-31,1,480.0,1.0
2497,2022-02-07,8,539.0,1.0
2498,2021-12-05,6,478.0,1.0
2499,2021-10-16,10,381.0,1.0
2500,2021-07-26,9,528.0,1.0
2501,2022-03-11,7,541.0,1.0
2502,2021-03-31,7,368.0,1.0
2503,2022-02-23,4,475.0,1.0
2504,2022-06-14,9,491.0,1.0
2505,2020-08-28,4,370.0,1.0
2506,2022-06-01,8,578.0,1.0
2507,2021-09-18,1,540.0,1.0
2508,2021-02-22,9,362.0,1.0
2509,2021-11-12,10,541.0,1.0
2510,2021-09-20,10,477.0,1.0
2511,2022-05-04,6,476.0,1.0
2512,2021-09-11,8,538.0,1.0
2513,2021-09-26,6,215.0,1.0
2514,2021-11-01,6,477.0,1.0
2515,,9,488.0,1.0
2516,2022-05-20,1,471.0,1.0
2517,2022-02-17,6,490.0,1.0
2518,,10,528.0,1.0
2519,2021-12-28,4,214.0,1.0
2520,2022-04-12,9,477.0,1.0
2521,2022-06-14,6,229.0,1.0
2522,2022-04-30,9,480.0,1.0
2523,2022-02-17,4,605.0,2.0
2524,2022-06-17,9,528.0,1.0
2525,2022-05-24,6,528.0,1.0
2526,2021-10-29,9,538.0,1.0
2527,2021-10-26,1,529.0,1.0
2528,2022-02-11,6,478.0,2.0
2529,2022-03-27,7,537.0,1.0
2530,2021-12-01,6,535.0,1.0
2531,2022-05-05,8,541.0,1.0
2532,2021-08-07,10,537.0,1.0
2533,2021-12-25,7,215.0,1.0
2534,2021-10-08,9,540.0,1.0
2535,2022-04-28,4,358.0,1.0
2536,2022-05-10,6,478.0,1.0
2537,2021-12-25,1,220.0,1.0
2538,2022-04-29,4,474.0,1.0
2539,2022-05-24,9,579.0,1.0
2540,2021-08-31,9,480.0,1.0
2541,2021-08-15,6,478.0,1.0
2542,2021-12-28,8,214.0,1.0
2543,2021-08-20,9,229.0,1.0
2544,2021-10-14,9,477.0,1.0
2545,2021-09-26,8,536.0,1.0
2546,2021-09-04,6,477.0,
2547,2021-07-09,7,215.0,1.0
2548,2022-03-23,8,536.0,1.0
2549,2021-07-28,7,377.0,1.0
2550,2021-12-12,7,214.0,1.0
2551,2021-08-14,10,215.0,1.0
2552,2022-05-31,6,536.0,1.0
2553,2022-01-15,9,360.0,1.0
2554,2021-11-19,4,377.0,1.0
2555,2021-10-26,4,488.0,1.0
2556,2021-10-06,9,478.0,1.0
2557,2022-02-13,9,214.0,1.0
2558,2022-05-30,4,478.0,1.0
2559,2022-01-27,1,528.0,1.0
2560,2021-10-27,6,220.0,1.0
2561,2022-02-02,8,232.0,1.0
2562,2021-09-03,1,477.0,1.0
2563,2021-09-26,9,488.0,1.0
2564,2022-06-04,6,466.0,1.0
2565,2022-03-20,4,490.0,1.0
2566,2020-02-15,1,312.0,1.0
2567,2022-04-09,9,539.0,1.0
2568,2022-06-09,1,535.0,1.0
2569,2022-02-05,4,541.0,1.0
2570,2021-05-27,7,326.0,1.0
2571,2022-06-07,4,352.0,1.0
2572,2022-02-01,4,477.0,1.0
2573,2022-02-06,4,479.0,1.0
2574,2022-05-24,6,528.0,1.0
2575,2022-04-25,10,481.0,1.0
2576,2022-04-17,9,567.0,1.0
2577,2021-08-24,10,480.0,1.0
2578,2021-08-06,8,529.0,1.0
2579,2021-12-13,6,529.0,1.0
2580,2022-04-08,4,476.0,1.0
2581,2021-11-22,4,485.0,1.0
2582,2022-05-22,4,487.0,1.0
2583,2022-06-23,9,562.0,1.0
2584,2021-09-03,9,362.0,1.0
2585,2022-04-15,7,488.0,1.0
2586,2021-11-10,7,479.0,1.0
2587,2022-01-02,8,528.0,1.0
2588,2022-05-01,10,479.0,1.0
2589,2021-09-13,6,477.0,1.0
2590,2021-09-17,8,214.0,1.0
2591,2021-11-29,10,479.0,1.0
2592,2021-08-15,10,226.0,1.0
2593,2022-04-02,10,480.0,1.0
2594,2021-12-28,8,214.0,1.0
2595,2022-04-11,4,536.0,1.0
2596,2022-06-23,6,528.0,1.0
2597,2021-10-31,8,584.0,1.0
2598,2021-10-12,6,539.0,1.0
2599,2021-07-06,10,528.0,1.0
2600,2021-08-08,10,371.0,1.0
2601,2022-05-09,4,220.0,1.0
2602,2022-05-06,7,220.0,1.0
2603,2021-06-25,7,369.0,1.0
2604,2021-12-05,10,215.0,1.0
2605,2021-09-08,9,360.0,1.0
2606,2022-06-11,9,485.0,1.0
2607,2021-09-17,6,464.0,1.0
2608,2020-04-29,6,310.0,1.0
2609,2021-09-20,10,538.0,1.0
2610,2022-03-04,9,528.0,1.0
2611,2021-12-17,4,583.0,1.0
2612,2022-02-20,10,485.0,1.0
2613,2021-12-25,1,220.0,1.0
2614,2022-04-01,4,215.0,1.0
2615,2021-12-28,4,214.0,1.0
2616,2022-06-20,8,586.0,1.0
2617,2021-07-08,9,487.0,1.0
2618,2022-06-07,4,478.0,1.0
2619,2021-11-27,6,528.0,1.0
2620,2021-11-14,7,215.0,1.0
2621,2021-10-08,1,536.0,1.0
2622,2021-08-15,10,226.0,1.0
2623,2021-11-17,9,487.0,1.0
2624,2021-12-15,9,535.0,
2625,2021-09-16,4,477.0,1.0
2626,2022-02-14,9,477.0,1.0
2627,2021-08-03,6,540.0,1.0
2628,2021-11-18,10,584.0,1.0
2629,2022-06-03,7,477.0,1.0
2630,2022-06-30,10,223.0,1.0
2631,2022-04-30,7,489.0,1.0
2632,2022-04-13,9,483.0,1.0
2633,2022-01-09,9,214.0,1.0
2634,2022-04-11,4,588.0,1.0
2635,,10,528.0,1.0
2636,2021-10-09,9,477.0,1.0
2637,2022-02-21,9,477.0,1.0
2638,2021-07-26,9,528.0,1.0
2639,2021-07-08,9,480.0,1.0
2640,2021-12-31,7,477.0,1.0
2641,2022-05-09,6,530.0,1.0
2642,2021-12-01,8,477.0,1.0
2643,2021-07-15,7,483.0,1.0
2644,2021-12-13,4,535.0,1.0
2645,2022-05-30,9,480.0,1.0
2646,2021-08-09,9,373.0,1.0
2647,2022-03-17,4,480.0,1.0
2648,2022-05-29,9,478.0,1.0
2649,2021-09-03,1,477.0,1.0
2650,2022-05-12,10,604.0,1.0
2651,2021-11-21,4,362.0,1.0
2652,2021-10-28,9,220.0,1.0
2653,2021-10-07,10,235.0,1.0
2654,2022-04-18,1,383.0,1.0
2655,2021-12-12,6,214.0,1.0
2656,2021-08-28,4,575.0,1.0
2657,2021-11-10,10,485.0,1.0
2658,2022-01-31,8,535.0,1.0
2659,2022-06-16,10,466.0,1.0
2660,2021-11-09,9,477.0,1.0
2661,2022-06-05,1,220.0,1.0
2662,2022-06-02,1,481.0,1.0
2663,2021-12-29,1,484.0,1.0
2664,2021-12-06,6,485.0,1.0
2665,2021-10-14,9,477.0,1.0
2666,2021-10-03,8,352.0,1.0
2667,2021-10-10,10,479.0,1.0
2668,2021-11-18,6,480.0,1.0
2669,2021-08-24,1,535.0,1.0
2670,2022-01-11,1,588.0,1.0
2671,2021-11-02,4,215.0,1.0
2672,2021-12-27,9,479.0,1.0
2673,2021-12-28,6,537.0,1.0
2674,2022-06-17,9,489.0,1.0
2675,2022-05-16,6,480.0,1.0
2676,2022-01-11,4,537.0,1.0
2677,2022-05-01,4,360.0,1.0
2678,2021-12-25,9,530.0,1.0
2679,2021-10-01,10,477.0,1.0
2680,2021-11-25,6,528.0,1.0
2681,2022-04-24,4,477.0,1.0
2682,2021-12-08,4,214.0,1.0
2683,2022-04-15,7,489.0,1.0
2684,2022-01-18,4,487.0,1.0
2685,2022-06-20,1,528.0,1.0
2686,2021-07-26,9,487.0,1.0
2687,2020-12-12,8,377.0,1.0
2688,2022-04-27,9,580.0,1.0
2689,2021-12-23,7,215.0,1.0
2690,2021-12-15,6,577.0,1.0
2691,2021-12-01,7,586.0,1.0
2692,2022-05-01,4,360.0,1.0
2693,2022-04-18,4,561.0,1.0
2694,2022-01-04,4,536.0,1.0
2695,2021-09-23,8,491.0,1.0
2696,2022-05-28,10,529.0,1.0
2697,2021-12-31,7,477.0,1.0
2698,2022-03-27,7,537.0,1.0
2699,2022-06-15,7,475.0,1.0
2700,2022-03-05,4,354.0,1.0
2701,2021-09-13,10,223.0,1.0
2702,2022-04-12,10,606.0,1.0
2703,2022-04-25,7,530.0,1.0
2704,2022-04-02,10,480.0,1.0
2705,,9,488.0,1.0
2706,2022-03-30,1,479.0,1.0
2707,2022-04-23,4,226.0,1.0
2708,,8,477.0,1.0
2709,2022-02-22,8,485.0,1.0
2710,2021-09-27,8,528.0,1.0
2711,2022-01-18,9,477.0,1.0
2712,2022-03-04,4,479.0,1.0
2713,2021-11-02,9,214.0,1.0
2714,2021-11-16,4,538.0,1.0
2715,2021-08-25,7,487.0,1.0
2716,2022-01-31,6,537.0,1.0
2717,2021-11-18,10,529.0,1.0
2718,2022-05-05,8,223.0,1.0
2719,2021-10-21,4,482.0,1.0
2720,2022-05-06,6,466.0,1.0
2721,2021-12-09,4,537.0,1.0
2722,2022-05-09,9,528.0,1.0
2723,2021-11-18,10,529.0,1.0
2724,2021-11-04,4,,1.0
2725,2021-10-23,4,360.0,1.0
2726,2021-11-24,1,220.0,1.0
2727,2021-08-13,1,387.0,1.0
2728,2022-03-21,1,604.0,1.0
2729,2021-11-12,10,541.0,1.0
2730,2022-04-03,10,535.0,1.0
2731,2022-06-20,9,362.0,1.0
2732,2021-08-19,8,223.0,1.0
2733,2022-01-21,7,214.0,1.0
2734,2021-09-21,4,477.0,1.0
2735,2020-04-30,8,330.0,1.0
2736,2022-05-15,9,214.0,1.0
2737,2022-02-25,1,466.0,1.0
2738,2022-05-10,6,537.0,1.0
2739,2022-02-17,1,214.0,1.0
2740,2021-07-15,4,478.0,1.0
2741,2022-01-11,1,588.0,1.0
2742,2022-02-11,6,478.0,2.0
2743,2021-08-02,9,539.0,1.0
2744,2022-03-29,7,220.0,1.0
2745,2021-09-05,9,477.0,1.0
2746,2021-07-15,10,484.0,1.0
2747,2022-03-01,10,485.0,1.0
2748,2022-01-21,7,214.0,1.0
2749,2022-03-14,9,530.0,1.0
2750,2022-03-07,4,535.0,1.0
2751,2021-10-13,9,223.0,1.0
2752,2022-02-04,8,480.0,2.0
2753,2022-01-19,1,478.0,1.0
2754,2021-11-03,4,474.0,1.0
2755,2021-09-24,10,215.0,1.0
2756,2021-08-03,6,537.0,1.0
2757,2022-05-06,9,480.0,1.0
2758,2021-10-01,10,358.0,1.0
2759,2021-10-22,7,605.0,1.0
2760,2021-12-15,10,480.0,1.0
2761,2021-09-20,6,387.0,1.0
2762,2022-06-30,9,477.0,1.0
2763,2020-03-15,9,340.0,1.0
2764,2021-11-15,4,560.0,1.0
2765,2021-12-06,6,485.0,1.0
2766,2022-03-08,1,490.0,1.0
2767,2021-12-15,1,362.0,1.0
2768,2021-10-07,10,235.0,1.0
2769,2021-11-05,10,529.0,1.0
2770,2021-07-19,4,537.0,1.0
2771,2021-12-25,1,220.0,1.0
2772,2022-05-12,4,479.0,1.0
2773,2022-06-19,10,563.0,1.0
2774,2022-04-13,4,478.0,2.0
2775,2022-06-16,7,490.0,1.0
2776,2022-02-24,8,588.0,1.0
2777,2022-02-06,1,223.0,1.0
2778,2022-03-04,10,487.0,1.0
2779,2020-11-20,8,360.0,1.0
2780,2022-01-09,9,214.0,1.0
2781,2022-03-16,9,537.0,1.0
2782,2022-05-16,9,488.0,1.0
2783,2022-01-18,1,528.0,1.0
2784,2022-01-20,7,229.0,1.0
2785,2022-05-16,6,480.0,1.0
2786,2021-09-05,9,485.0,1.0
2787,2021-09-15,6,479.0,1.0
2788,2022-01-28,1,537.0,1.0
2789,,9,535.0,1.0
2790,2022-05-05,1,483.0,1.0
2791,2022-04-27,9,580.0,1.0
2792,2022-04-02,10,480.0,1.0
2793,2022-03-27,7,537.0,1.0
2794,2022-01-29,9,466.0,1.0
2795,2021-11-24,9,536.0,1.0
2796,2020-04-15,9,312.0,1.0
2797,2022-02-14,6,535.0,1.0
2798,2021-11-19,9,582.0,1.0
2799,2022-01-03,1,487.0,1.0
2800,2021-09-02,9,385.0,1.0
2801,2022-05-11,1,480.0,1.0
2802,2021-11-24,1,528.0,1.0
2803,2022-05-30,9,480.0,1.0
2804,2021-11-03,4,474.0,1.0
2805,2022-06-29,7,477.0,1.0
2806,2021-09-08,9,360.0,1.0
2807,2021-07-03,9,477.0,1.0
2808,2022-04-21,4,477.0,1.0
2809,2021-10-25,4,606.0,1.0
2810,2021-07-23,10,220.0,1.0
2811,2021-12-25,4,476.0,1.0
2812,2021-12-28,9,562.0,1.0
2813,2022-03-25,9,538.0,1.0
2814,2022-01-17,4,214.0,1.0
2815,2021-11-09,1,478.0,1.0
2816,2021-08-19,7,540.0,1.0
2817,2021-07-08,8,381.0,1.0
2818,2022-06-30,6,491.0,1.0
2819,2021-08-16,4,356.0,1.0
2820,2021-05-01,1,322.0,1.0
2821,2020-05-16,6,313.0,1.0
2822,2022-04-26,4,478.0,1.0
2823,2022-02-05,9,604.0,1.0
2824,2022-01-18,4,487.0,1.0
2825,2022-05-21,1,535.0,1.0
2826,2022-03-04,10,487.0,1.0
2827,2021-08-12,8,477.0,1.0
2828,2021-11-19,8,214.0,1.0
2829,2022-01-02,8,214.0,1.0
2830,2022-05-21,4,537.0,1.0
2831,2022-06-27,10,220.0,1.0
2832,2022-04-24,4,,1.0
2833,2022-05-12,4,229.0,1.0
2834,2021-10-22,7,605.0,1.0
2835,2020-11-27,10,320.0,1.0
2836,2022-06-17,9,489.0,1.0
2837,2022-04-26,1,480.0,1.0
2838,2021-11-05,10,529.0,1.0
2839,2021-11-27,6,528.0,1.0
2840,2021-07-31,4,540.0,1.0
2841,2021-10-09,8,235.0,1.0
2842,2022-03-18,9,538.0,1.0
2843,2022-04-25,7,484.0,1.0
2844,2022-03-07,4,535.0,1.0
2845,2021-01-23,9,354.0,1.0
2846,2022-02-20,9,477.0,1.0
2847,2022-01-17,6,529.0,1.0
2848,2020-06-07,4,342.0,1.0
2849,2022-05-30,9,582.0,1.0
2850,2022-03-21,1,604.0,1.0
2851,2022-05-21,4,226.0,1.0
2852,2021-07-29,10,480.0,1.0
2853,2020-12-10,9,334.0,1.0
2854,2022-02-19,4,537.0,1.0
2855,2021-09-10,10,489.0,1.0
2856,2022-05-09,9,480.0,1.0
2857,2020-10-27,6,368.0,1.0
2858,2022-06-09,6,528.0,1.0
2859,2022-03-01,10,485.0,1.0
2860,2021-08-18,7,478.0,1.0
2861,2022-06-19,7,462.0,1.0
2862,2022-01-24,9,477.0,2.0
2863,2021-09-03,9,561.0,1.0
2864,2022-05-09,1,484.0,1.0
2865,2021-10-13,9,223.0,1.0
2866,2022-04-07,10,577.0,1.0
2867,2022-01-21,4,477.0,1.0
2868,2022-01-15,7,538.0,1.0
2869,2022-03-03,4,528.0,1.0
2870,2021-10-06,9,360.0,1.0
2871,2022-04-17,8,472.0,1.0
2872,2022-02-22,4,223.0,1.0
2873,2021-12-26,9,387.0,1.0
2874,2022-01-28,8,477.0,1.0
2875,2021-10-26,9,541.0,1.0
2876,2021-08-22,4,220.0,1.0
2877,2021-08-12,8,477.0,1.0
2878,2021-10-09,1,223.0,1.0
2879,2022-04-18,9,479.0,1.0
2880,2022-03-02,9,474.0,1.0
2881,2022-05-14,9,477.0,1.0
2882,2021-08-17,7,539.0,1.0
2883,2021-09-09,7,478.0,1.0
2884,2021-12-28,9,562.0,1.0
2885,2022-04-23,9,480.0,1.0
2886,2021-08-30,9,529.0,1.0
2887,2021-08-27,8,477.0,1.0
2888,2022-04-16,8,529.0,1.0
2889,,7,477.0,1.0
2890,2022-02-06,10,600.0,1.0
2891,2021-08-06,8,529.0,1.0
2892,2021-09-06,4,478.0,1.0
2893,2021-09-10,9,385.0,1.0
2894,2021-12-23,9,484.0,1.0
2895,2022-01-12,9,479.0,1.0
2896,2022-05-29,1,362.0,1.0
2897,2021-08-14,8,226.0,1.0
2898,2021-08-02,6,477.0,1.0
2899,2022-01-31,8,479.0,1.0
2900,2021-10-12,10,214.0,1.0
2901,2022-03-28,4,537.0,1.0
2902,2021-08-15,1,536.0,1.0
2903,2022-01-28,8,477.0,1.0
2904,2022-05-28,7,540.0,1.0
2905,2022-05-01,4,215.0,1.0
2906,2022-02-13,9,214.0,1.0
2907,2021-07-03,9,477.0,1.0
2908,2022-04-17,8,472.0,1.0
2909,2022-02-15,4,536.0,1.0
2910,2021-08-03,6,540.0,1.0
2911,2022-01-04,9,484.0,1.0
2912,2020-10-07,9,352.0,1.0
2913,2022-06-08,9,485.0,1.0
2914,2022-03-18,9,538.0,1.0
2915,2021-10-09,4,223.0,1.0
2916,2021-09-30,9,605.0,1.0
2917,2021-07-15,10,484.0,1.0
2918,2021-09-09,7,478.0,1.0
2919,2021-01-10,9,381.0,1.0
2920,2021-02-25,9,370.0,1.0
2921,2022-01-17,9,477.0,1.0
2922,2022-06-28,4,387.0,1.0
2923,2022-06-11,9,529.0,1.0
2924,2021-05-26,7,360.0,1.0
2925,2020-11-23,9,326.0,1.0
2926,2021-06-15,4,332.0,1.0
2927,2022-01-19,9,541.0,1.0
2928,2022-06-22,1,232.0,1.0
2929,2022-04-04,4,538.0,1.0
2930,2022-01-12,9,479.0,1.0
2931,2022-04-11,1,537.0,1.0
2932,2021-09-20,10,538.0,1.0
2933,2022-06-08,8,563.0,1.0
2934,2021-09-24,1,535.0,1.0
2935,2021-07-08,9,487.0,1.0
2936,2021-09-26,8,529.0,1.0
2937,2022-05-24,8,536.0,1.0
2938,2021-08-24,1,486.0,1.0
2939,2022-05-14,6,485.0,1.0
2940,2022-04-17,9,565.0,1.0
2941,2022-03-31,4,528.0,1.0
2942,2022-06-14,6,229.0,1.0
2943,2022-05-09,6,530.0,1.0
2944,2022-03-07,4,535.0,1.0
2945,2022-03-18,10,479.0,1.0
2946,2021-12-07,4,540.0,1.0
2947,2022-05-05,9,480.0,1.0
2948,2021-09-02,9,385.0,1.0
2949,,9,215.0,1.0
2950,2021-07-31,7,220.0,1.0
2951,2022-02-13,9,214.0,1.0
2952,2022-03-11,4,485.0,1.0
2953,2022-02-11,1,476.0,1.0
2954,,4,479.0,1.0
2955,2022-04-26,4,478.0,1.0
2956,2022-03-04,4,479.0,1.0
2957,2022-06-07,4,485.0,1.0
2958,2021-10-12,6,476.0,1.0
2959,2021-09-10,9,385.0,1.0
2960,2021-10-30,10,371.0,1.0
2961,2022-01-18,1,528.0,1.0
2962,2021-12-30,7,229.0,1.0
2963,2021-12-07,4,466.0,1.0
2964,2021-10-21,6,215.0,1.0
2965,2022-04-03,10,480.0,1.0
2966,2021-12-28,9,605.0,1.0
2967,2022-01-08,1,489.0,1.0
2968,2022-02-01,4,485.0,1.0
2969,2020-04-10,9,326.0,1.0
2970,2022-06-15,7,477.0,1.0
2971,2021-10-17,9,485.0,1.0
2972,2022-04-30,4,215.0,1.0
2973,2022-03-21,1,604.0,1.0
2974,2022-01-21,8,529.0,1.0
2975,2022-04-08,4,476.0,1.0
2976,2022-03-12,1,477.0,1.0
2977,2022-05-10,7,215.0,1.0
2978,2021-07-23,9,377.0,1.0
2979,2021-12-09,4,537.0,1.0
2980,2021-09-05,6,220.0,1.0
2981,2022-01-08,10,535.0,1.0
2982,2021-10-01,10,477.0,1.0
2983,2022-04-28,10,480.0,1.0
2984,2021-12-31,7,477.0,1.0
2985,2021-12-06,1,528.0,1.0
2986,2022-06-09,7,528.0,1.0
2987,2022-03-16,4,571.0,1.0
2988,2022-05-14,6,485.0,1.0
2989,2022-06-22,1,232.0,1.0
2990,2021-12-13,9,486.0,1.0
2991,2021-09-21,7,480.0,1.0
2992,2022-04-10,10,566.0,1.0
2993,2021-10-14,4,215.0,1.0
2994,2021-12-28,1,584.0,1.0
2995,,7,477.0,1.0
2996,,8,477.0,1.0
2997,2022-06-08,4,360.0,1.0
2998,2021-07-28,7,377.0,1.0
2999,2022-05-05,1,483.0,1.0
3000,2022-06-09,9,387.0,1.0
3001,2022-06-28,8,381.0,1.0
3002,2021-10-09,10,480.0,1.0
3003,2020-06-07,4,342.0,1.0
3004,2021-12-19,10,356.0,1.0
3005,2022-05-19,4,223.0,1.0
3006,2021-08-09,9,535.0,1.0
3007,2021-10-19,9,220.0,1.0
3008,2022-01-16,9,540.0,1.0
3009,2021-11-14,10,215.0,1.0
3010,2021-09-17,6,464.0,1.0
3011,2022-01-19,10,475.0,1.0
3012,2021-09-15,1,387.0,1.0
3013,2022-06-24,1,487.0,1.0
3014,2021-08-20,9,229.0,1.0
3015,2022-03-05,6,580.0,1.0
3016,2022-01-15,9,360.0,1.0
3017,2022-05-23,7,572.0,1.0
3018,2021-11-18,10,583.0,1.0
3019,2021-11-11,1,220.0,1.0
3020,2021-11-23,1,478.0,1.0
3021,2021-10-22,9,479.0,1.0
3022,2022-02-02,7,477.0,1.0
3023,2021-12-03,1,535.0,1.0
3024,2022-02-20,4,573.0,1.0
3025,2022-02-18,6,,1.0
3026,,4,479.0,1.0
3027,2022-06-25,9,484.0,1.0
3028,2021-08-20,9,530.0,1.0
3029,2022-02-24,8,484.0,1.0
3030,2022-03-28,4,537.0,1.0
3031,,1,528.0,1.0
3032,2021-10-26,9,541.0,1.0
3033,2022-05-30,1,529.0,1.0
3034,2022-02-15,4,223.0,1.0
3035,2021-11-03,4,474.0,1.0
3036,2022-02-26,7,480.0,1.0
3037,2021-10-21,6,215.0,1.0
3038,2022-03-27,6,223.0,1.0
3039,,4,477.0,1.0
3040,2021-08-24,1,486.0,1.0
3041,2021-08-15,1,528.0,1.0
3042,2022-03-01,1,480.0,1.0
3043,2021-05-11,7,352.0,1.0
3044,2021-10-21,9,539.0,1.0
3045,2022-06-22,4,529.0,1.0
3046,2021-11-12,9,535.0,1.0
3047,2022-05-22,4,487.0,1.0
3048,2021-02-14,4,381.0,1.0
3049,2021-11-16,4,538.0,1.0
3050,2021-11-24,1,528.0,1.0
3051,2022-05-20,4,573.0,1.0
3052,2021-10-08,9,480.0,1.0
3053,2022-03-18,4,529.0,1.0
3054,2022-03-13,4,482.0,1.0
3055,2021-09-21,7,529.0,1.0
3056,2021-09-10,9,528.0,1.0
3057,2021-12-27,6,528.0,1.0
3058,2022-04-28,10,528.0,1.0
3059,2022-01-20,10,215.0,1.0
3060,2022-04-04,4,480.0,1.0
3061,2022-02-12,7,529.0,1.0
3062,2022-06-29,9,477.0,1.0
3063,2020-12-12,8,377.0,1.0
3064,2022-05-17,1,478.0,1.0
3065,2022-03-29,6,480.0,1.0
3066,2021-12-07,4,540.0,1.0
3067,2021-12-25,1,214.0,1.0
3068,2021-12-01,9,214.0,1.0
3069,,4,477.0,2.0
3070,,6,474.0,1.0
3071,2021-07-12,4,478.0,1.0
3072,2021-12-07,10,598.0,1.0
3073,2022-02-17,4,605.0,2.0
3074,2022-05-20,4,582.0,1.0
3075,2022-03-21,6,538.0,1.0
3076,2022-06-17,1,354.0,1.0
3077,2020-01-18,9,312.0,1.0
3078,2022-05-28,9,220.0,1.0
3079,2021-12-25,4,588.0,1.0
3080,2022-03-01,4,535.0,1.0
3081,2021-01-26,9,330.0,1.0
3082,2021-12-08,9,577.0,1.0
3083,2021-12-08,4,214.0,1.0
3084,2022-04-20,8,583.0,1.0
3085,2021-12-12,6,214.0,1.0
3086,2021-10-06,9,488.0,1.0
3087,2021-12-26,10,528.0,1.0
3088,2021-11-22,9,489.0,1.0
3089,2022-02-07,8,539.0,1.0
3090,,7,477.0,1.0
3091,2022-01-18,1,528.0,1.0
3092,2022-05-08,9,535.0,1.0
3093,2022-02-27,6,477.0,1.0
3094,2022-02-12,1,477.0,1.0
3095,2021-11-14,9,592.0,1.0
3096,2021-12-15,9,535.0,
3097,2022-03-01,6,530.0,1.0
3098,2021-11-29,10,477.0,1.0
3099,2022-05-02,9,480.0,1.0
3100,2022-06-06,10,536.0,1.0
3101,2022-01-05,7,214.0,1.0
3102,2022-01-11,1,588.0,1.0
3103,2022-05-30,4,605.0,1.0
3104,2022-01-19,1,478.0,1.0
3105,2022-05-28,7,540.0,1.0
3106,2022-05-28,9,482.0,1.0
3107,2022-06-06,9,360.0,1.0
